Subject,File,Task,Trial_ID,Status
sub04,ccx3_sess3,task1,0,Dropped_ICA
sub04,ccx3_sess3,task1,1,Dropped_AutoReject
sub04,ccx3_sess3,task1,2,Dropped_ICA
sub04,ccx3_sess3,task1,3,Dropped_ICA
sub04,ccx3_sess3,task1,4,Dropped_ICA
sub04,ccx3_sess3,task1,5,Dropped_ICA
sub04,ccx3_sess3,task1,6,Dropped_ICA
sub04,ccx3_sess3,task1,7,OK
sub04,ccx3_sess3,task1,8,Dropped_ICA
sub04,ccx3_sess3,task1,9,Dropped_ICA
sub04,ccx3_sess3,task1,10,Dropped_ICA
sub04,ccx3_sess3,task1,11,Dropped_ICA
sub04,ccx3_sess3,task1,12,Dropped_ICA
sub04,ccx3_sess3,task1,13,Dropped_AutoReject
sub04,ccx3_sess3,task1,14,Dropped_ICA
sub04,ccx3_sess3,task1,15,Dropped_ICA
sub04,ccx3_sess3,task1,16,Dropped_ICA
sub04,ccx3_sess3,task1,17,Dropped_ICA
sub04,ccx3_sess3,task1,18,Dropped_ICA
sub04,ccx3_sess3,task1,19,Dropped_AutoReject
sub04,ccx3_sess3,task1,20,Dropped_ICA
sub04,ccx3_sess3,task1,21,Dropped_ICA
sub04,ccx3_sess3,task1,22,Dropped_ICA
sub04,ccx3_sess3,task1,23,Dropped_ICA
sub04,ccx3_sess3,task1,24,Dropped_ICA
sub04,ccx3_sess3,task1,25,Dropped_AutoReject
sub04,ccx3_sess3,task1,26,Dropped_ICA
sub04,ccx3_sess3,task1,27,Dropped_ICA
sub04,ccx3_sess3,task1,28,Dropped_ICA
sub04,ccx3_sess3,task1,29,Dropped_ICA
sub04,ccx3_sess3,task1,30,Dropped_ICA
sub04,ccx3_sess3,task1,31,Dropped_AutoReject
sub04,ccx3_sess3,task1,32,Dropped_ICA
sub04,ccx3_sess3,task1,33,Dropped_ICA
sub04,ccx3_sess3,task1,34,Dropped_ICA
sub04,ccx3_sess3,task1,35,Dropped_ICA
sub04,ccx3_sess3,task1,36,Dropped_ICA
sub04,ccx3_sess3,task1,37,Dropped_AutoReject
sub04,ccx3_sess3,task1,38,Dropped_ICA
sub04,ccx3_sess3,task1,39,Dropped_ICA
sub04,ccx3_sess3,task1,40,Dropped_ICA
sub04,ccx3_sess3,task1,41,Dropped_ICA
sub04,ccx3_sess3,task1,42,Dropped_ICA
sub04,ccx3_sess3,task1,43,OK
sub04,ccx3_sess3,task1,44,Dropped_ICA
sub04,ccx3_sess3,task1,45,Dropped_ICA
sub04,ccx3_sess3,task1,46,Dropped_ICA
sub04,ccx3_sess3,task1,47,Dropped_ICA
sub04,ccx3_sess3,task1,48,Dropped_ICA
sub04,ccx3_sess3,task1,49,Dropped_AutoReject
sub04,ccx3_sess3,task1,50,Dropped_ICA
sub04,ccx3_sess3,task1,51,Dropped_ICA
sub04,ccx3_sess3,task1,52,Dropped_ICA
sub04,ccx3_sess3,task1,53,Dropped_ICA
sub04,ccx3_sess3,task1,54,Dropped_ICA
sub04,ccx3_sess3,task1,55,Dropped_AutoReject
sub04,ccx3_sess3,task1,56,Dropped_ICA
sub04,ccx3_sess3,task1,57,Dropped_ICA
sub04,ccx3_sess3,task1,58,Dropped_ICA
sub04,ccx3_sess3,task1,59,Dropped_ICA
sub04,ccx3_sess3,task1,60,Dropped_ICA
sub04,ccx3_sess3,task1,61,Dropped_AutoReject
sub04,ccx3_sess3,task1,62,Dropped_ICA
sub04,ccx3_sess3,task1,63,Dropped_ICA
sub04,ccx3_sess3,task1,64,Dropped_ICA
sub04,ccx3_sess3,task1,65,Dropped_ICA
sub04,ccx3_sess3,task1,66,Dropped_ICA
sub04,ccx3_sess3,task1,67,Dropped_AutoReject
sub04,ccx3_sess3,task1,68,Dropped_ICA
sub04,ccx3_sess3,task1,69,Dropped_ICA
sub04,ccx3_sess3,task1,70,Dropped_ICA
sub04,ccx3_sess3,task1,71,Dropped_ICA
sub04,ccx3_sess3,task1,72,Dropped_ICA
sub04,ccx3_sess3,task1,73,Dropped_AutoReject
sub04,ccx3_sess3,task1,74,Dropped_ICA
sub04,ccx3_sess3,task1,75,Dropped_ICA
sub04,ccx3_sess3,task1,76,Dropped_ICA
sub04,ccx3_sess3,task1,77,Dropped_ICA
sub04,ccx3_sess3,task1,78,Dropped_ICA
sub04,ccx3_sess3,task1,79,OK
sub04,ccx3_sess3,task1,80,Dropped_ICA
sub04,ccx3_sess3,task1,81,Dropped_ICA
sub04,ccx3_sess3,task1,82,Dropped_ICA
sub04,ccx3_sess3,task1,83,Dropped_ICA
sub04,ccx3_sess3,task1,84,Dropped_ICA
sub04,ccx3_sess3,task1,85,Dropped_AutoReject
sub04,ccx3_sess3,task1,86,Dropped_ICA
sub04,ccx3_sess3,task1,87,Dropped_ICA
sub04,ccx3_sess3,task1,88,Dropped_ICA
sub04,ccx3_sess3,task1,89,Dropped_ICA
sub04,ccx3_sess3,task1,90,Dropped_ICA
sub04,ccx3_sess3,task1,91,Dropped_AutoReject
sub04,ccx3_sess3,task1,92,Dropped_ICA
sub04,ccx3_sess3,task1,93,Dropped_ICA
sub04,ccx3_sess3,task1,94,Dropped_ICA
sub04,ccx3_sess3,task1,95,Dropped_ICA
sub04,ccx3_sess3,task1,96,Dropped_ICA
sub04,ccx3_sess3,task1,97,Dropped_AutoReject
sub04,ccx3_sess3,task1,98,Dropped_ICA
sub04,ccx3_sess3,task1,99,Dropped_ICA
sub04,ccx3_sess3,task1,100,Dropped_ICA
sub04,ccx3_sess3,task1,101,Dropped_ICA
sub04,ccx3_sess3,task1,102,Dropped_ICA
sub04,ccx3_sess3,task1,103,Dropped_AutoReject
sub04,ccx3_sess3,task1,104,Dropped_ICA
sub04,ccx3_sess3,task1,105,Dropped_ICA
sub04,ccx3_sess3,task1,106,Dropped_ICA
sub04,ccx3_sess3,task1,107,Dropped_ICA
sub04,ccx3_sess3,task1,108,Dropped_ICA
sub04,ccx3_sess3,task1,109,Dropped_AutoReject
sub04,ccx3_sess3,task1,110,Dropped_ICA
sub04,ccx3_sess3,task1,111,Dropped_ICA
sub04,ccx3_sess3,task1,112,Dropped_ICA
sub04,ccx3_sess3,task1,113,Dropped_ICA
sub04,ccx3_sess3,task1,114,Dropped_ICA
sub04,ccx3_sess3,task1,115,OK
sub04,ccx3_sess3,task1,116,Dropped_ICA
sub04,ccx3_sess3,task1,117,Dropped_ICA
sub04,ccx3_sess3,task1,118,Dropped_ICA
sub04,ccx3_sess3,task1,119,Dropped_ICA
sub04,ccx3_sess3,task1,120,Dropped_ICA
sub04,ccx3_sess3,task1,121,Dropped_AutoReject
sub04,ccx3_sess3,task1,122,Dropped_ICA
sub04,ccx3_sess3,task1,123,Dropped_ICA
sub04,ccx3_sess3,task1,124,Dropped_ICA
sub04,ccx3_sess3,task1,125,Dropped_ICA
sub04,ccx3_sess3,task1,126,Dropped_ICA
sub04,ccx3_sess3,task1,127,Dropped_AutoReject
sub04,ccx3_sess3,task1,128,Dropped_ICA
sub04,ccx3_sess3,task1,129,Dropped_ICA
sub04,ccx3_sess3,task1,130,Dropped_ICA
sub04,ccx3_sess3,task1,131,Dropped_ICA
sub04,ccx3_sess3,task1,132,Dropped_ICA
sub04,ccx3_sess3,task1,133,Dropped_AutoReject
sub04,ccx3_sess3,task1,134,Dropped_ICA
sub04,ccx3_sess3,task1,135,Dropped_ICA
sub04,ccx3_sess3,task1,136,Dropped_ICA
sub04,ccx3_sess3,task1,137,Dropped_ICA
sub04,ccx3_sess3,task1,138,Dropped_ICA
sub04,ccx3_sess3,task1,139,Dropped_AutoReject
sub04,ccx3_sess3,task1,140,Dropped_ICA
sub04,ccx3_sess3,task1,141,Dropped_ICA
sub04,ccx3_sess3,task1,142,Dropped_ICA
sub04,ccx3_sess3,task1,143,Dropped_ICA
sub04,ccx3_sess3,task1,144,Dropped_ICA
sub04,ccx3_sess3,task1,145,Dropped_AutoReject
sub04,ccx3_sess3,task1,146,Dropped_ICA
sub04,ccx3_sess3,task1,147,Dropped_ICA
sub04,ccx3_sess3,task1,148,Dropped_ICA
sub04,ccx3_sess3,task1,149,Dropped_ICA
sub04,ccx3_sess3,task1,150,Dropped_ICA
sub04,ccx3_sess3,task1,151,OK
sub04,ccx3_sess3,task1,152,Dropped_ICA
sub04,ccx3_sess3,task1,153,Dropped_ICA
sub04,ccx3_sess3,task1,154,Dropped_ICA
sub04,ccx3_sess3,task1,155,Dropped_ICA
sub04,ccx3_sess3,task1,156,Dropped_ICA
sub04,ccx3_sess3,task1,157,Dropped_AutoReject
sub04,ccx3_sess3,task1,158,Dropped_ICA
sub04,ccx3_sess3,task1,159,Dropped_ICA
sub04,ccx3_sess3,task1,160,Dropped_ICA
sub04,ccx3_sess3,task1,161,Dropped_ICA
sub04,ccx3_sess3,task1,162,Dropped_ICA
sub04,ccx3_sess3,task1,163,Dropped_AutoReject
sub04,ccx3_sess3,task1,164,Dropped_ICA
sub04,ccx3_sess3,task1,165,Dropped_ICA
sub04,ccx3_sess3,task1,166,Dropped_ICA
sub04,ccx3_sess3,task1,167,Dropped_ICA
sub04,ccx3_sess3,task1,168,Dropped_ICA
sub04,ccx3_sess3,task1,169,Dropped_AutoReject
sub04,ccx3_sess3,task1,170,Dropped_ICA
sub04,ccx3_sess3,task1,171,Dropped_ICA
sub04,ccx3_sess3,task1,172,Dropped_ICA
sub04,ccx3_sess3,task1,173,Dropped_ICA
sub04,ccx3_sess3,task1,174,Dropped_ICA
sub04,ccx3_sess3,task1,175,Dropped_AutoReject
sub04,ccx3_sess3,task1,176,Dropped_ICA
sub04,ccx3_sess3,task1,177,Dropped_ICA
sub04,ccx3_sess3,task1,178,Dropped_ICA
sub04,ccx3_sess3,task1,179,Dropped_ICA
sub04,ccx3_sess3,task1,180,Dropped_ICA
sub04,ccx3_sess3,task1,181,Dropped_AutoReject
sub04,ccx3_sess3,task1,182,Dropped_ICA
sub04,ccx3_sess3,task1,183,Dropped_ICA
sub04,ccx3_sess3,task1,184,Dropped_ICA
sub04,ccx3_sess3,task1,185,Dropped_ICA
sub04,ccx3_sess3,task1,186,Dropped_ICA
sub04,ccx3_sess3,task1,187,OK
sub04,ccx3_sess3,task1,188,Dropped_ICA
sub04,ccx3_sess3,task1,189,Dropped_ICA
sub04,ccx3_sess3,task1,190,Dropped_ICA
sub04,ccx3_sess3,task1,191,Dropped_ICA
sub04,ccx3_sess3,task1,192,Dropped_ICA
sub04,ccx3_sess3,task1,193,Dropped_AutoReject
sub04,ccx3_sess3,task1,194,Dropped_ICA
sub04,ccx3_sess3,task1,195,Dropped_ICA
sub04,ccx3_sess3,task1,196,Dropped_ICA
sub04,ccx3_sess3,task1,197,Dropped_ICA
sub04,ccx3_sess3,task1,198,Dropped_ICA
sub04,ccx3_sess3,task1,199,Dropped_AutoReject
sub04,ccx3_sess3,task1,200,Dropped_ICA
sub04,ccx3_sess3,task1,201,Dropped_ICA
sub04,ccx3_sess3,task1,202,Dropped_ICA
sub04,ccx3_sess3,task1,203,Dropped_ICA
sub04,ccx3_sess3,task1,204,Dropped_ICA
sub04,ccx3_sess3,task1,205,Dropped_AutoReject
sub04,ccx3_sess3,task1,206,Dropped_ICA
sub04,ccx3_sess3,task1,207,Dropped_ICA
sub04,ccx3_sess3,task1,208,Dropped_ICA
sub04,ccx3_sess3,task1,209,Dropped_ICA
sub04,ccx3_sess3,task1,210,Dropped_ICA
sub04,ccx3_sess3,task1,211,Dropped_AutoReject
sub04,ccx3_sess3,task1,212,Dropped_ICA
sub04,ccx3_sess3,task1,213,Dropped_ICA
sub04,ccx3_sess3,task1,214,Dropped_ICA
sub04,ccx3_sess3,task1,215,Dropped_ICA
sub04,ccx3_sess3,task1,216,Dropped_ICA
sub04,ccx3_sess3,task1,217,Dropped_AutoReject
sub04,ccx3_sess3,task1,218,Dropped_ICA
sub04,ccx3_sess3,task1,219,Dropped_ICA
sub04,ccx3_sess3,task1,220,Dropped_ICA
sub04,ccx3_sess3,task1,221,Dropped_ICA
sub04,ccx3_sess3,task1,222,Dropped_ICA
sub04,ccx3_sess3,task1,223,OK
sub04,ccx3_sess3,task1,224,Dropped_ICA
sub04,ccx3_sess3,task1,225,Dropped_ICA
sub04,ccx3_sess3,task1,226,Dropped_ICA
sub04,ccx3_sess3,task1,227,Dropped_ICA
sub04,ccx3_sess3,task1,228,Dropped_ICA
sub04,ccx3_sess3,task1,229,Dropped_AutoReject
sub04,ccx3_sess3,task1,230,Dropped_ICA
sub04,ccx3_sess3,task1,231,Dropped_ICA
sub04,ccx3_sess3,task1,232,Dropped_ICA
sub04,ccx3_sess3,task1,233,Dropped_ICA
sub04,ccx3_sess3,task1,234,Dropped_ICA
sub04,ccx3_sess3,task1,235,Dropped_AutoReject
sub04,ccx3_sess3,task1,236,Dropped_ICA
sub04,ccx3_sess3,task1,237,Dropped_ICA
sub04,ccx3_sess3,task1,238,Dropped_ICA
sub04,ccx3_sess3,task1,239,Dropped_ICA
sub04,ccx3_sess3,task1,240,Dropped_ICA
sub04,ccx3_sess3,task1,241,Dropped_AutoReject
sub04,ccx3_sess3,task1,242,Dropped_ICA
sub04,ccx3_sess3,task1,243,Dropped_ICA
sub04,ccx3_sess3,task1,244,Dropped_ICA
sub04,ccx3_sess3,task1,245,Dropped_ICA
sub04,ccx3_sess3,task1,246,Dropped_ICA
sub04,ccx3_sess3,task1,247,Dropped_AutoReject
sub04,ccx3_sess3,task1,248,Dropped_ICA
sub04,ccx3_sess3,task1,249,Dropped_ICA
sub04,ccx3_sess3,task1,250,Dropped_ICA
sub04,ccx3_sess3,task1,251,Dropped_ICA
sub04,ccx3_sess3,task1,252,Dropped_ICA
sub04,ccx3_sess3,task1,253,Dropped_AutoReject
sub04,ccx3_sess3,task1,254,Dropped_ICA
sub04,ccx3_sess3,task1,255,Dropped_ICA
sub04,ccx3_sess3,task1,256,Dropped_ICA
sub04,ccx3_sess3,task1,257,Dropped_ICA
sub04,ccx3_sess3,task1,258,Dropped_ICA
sub04,ccx3_sess3,task1,259,OK
sub04,ccx3_sess3,task1,260,Dropped_ICA
sub04,ccx3_sess3,task1,261,Dropped_ICA
sub04,ccx3_sess3,task1,262,Dropped_ICA
sub04,ccx3_sess3,task1,263,Dropped_ICA
sub04,ccx3_sess3,task1,264,Dropped_ICA
sub04,ccx3_sess3,task1,265,Dropped_AutoReject
sub04,ccx3_sess3,task1,266,Dropped_ICA
sub04,ccx3_sess3,task1,267,Dropped_ICA
sub04,ccx3_sess3,task1,268,Dropped_ICA
sub04,ccx3_sess3,task1,269,Dropped_ICA
sub04,ccx3_sess3,task1,270,Dropped_ICA
sub04,ccx3_sess3,task1,271,Dropped_AutoReject
sub04,ccx3_sess3,task1,272,Dropped_ICA
sub04,ccx3_sess3,task1,273,Dropped_ICA
sub04,ccx3_sess3,task1,274,Dropped_ICA
sub04,ccx3_sess3,task1,275,Dropped_ICA
sub04,ccx3_sess3,task1,276,Dropped_ICA
sub04,ccx3_sess3,task1,277,Dropped_AutoReject
sub04,ccx3_sess3,task1,278,Dropped_ICA
sub04,ccx3_sess3,task1,279,Dropped_ICA
sub04,ccx3_sess3,task1,280,Dropped_ICA
sub04,ccx3_sess3,task1,281,Dropped_ICA
sub04,ccx3_sess3,task1,282,Dropped_ICA
sub04,ccx3_sess3,task1,283,Dropped_AutoReject
sub04,ccx3_sess3,task1,284,Dropped_ICA
sub04,ccx3_sess3,task1,285,Dropped_ICA
sub04,ccx3_sess3,task1,286,Dropped_ICA
sub04,ccx3_sess3,task1,287,Dropped_ICA
sub04,ccx3_sess3,task1,288,Dropped_ICA
sub04,ccx3_sess3,task1,289,Dropped_AutoReject
sub04,ccx3_sess3,task1,290,Dropped_ICA
sub04,ccx3_sess3,task1,291,Dropped_ICA
sub04,ccx3_sess3,task1,292,Dropped_ICA
sub04,ccx3_sess3,task1,293,Dropped_ICA
sub04,ccx3_sess3,task1,294,Dropped_ICA
sub04,ccx3_sess3,task1,295,OK
sub04,ccx3_sess3,task1,296,Dropped_ICA
sub04,ccx3_sess3,task1,297,Dropped_ICA
sub04,ccx3_sess3,task1,298,Dropped_ICA
sub04,ccx3_sess3,task1,299,Dropped_ICA
sub04,ccx3_sess3,task1,300,Dropped_ICA
sub04,ccx3_sess3,task1,301,Dropped_AutoReject
sub04,ccx3_sess3,task1,302,Dropped_ICA
sub04,ccx3_sess3,task1,303,Dropped_ICA
sub04,ccx3_sess3,task1,304,Dropped_ICA
sub04,ccx3_sess3,task1,305,Dropped_ICA
sub04,ccx3_sess3,task1,306,Dropped_ICA
sub04,ccx3_sess3,task1,307,Dropped_AutoReject
sub04,ccx3_sess3,task1,308,Dropped_ICA
sub04,ccx3_sess3,task1,309,Dropped_ICA
sub04,ccx3_sess3,task1,310,Dropped_ICA
sub04,ccx3_sess3,task1,311,Dropped_ICA
sub04,ccx3_sess3,task1,312,Dropped_ICA
sub04,ccx3_sess3,task1,313,Dropped_AutoReject
sub04,ccx3_sess3,task1,314,Dropped_ICA
sub04,ccx3_sess3,task1,315,Dropped_ICA
sub04,ccx3_sess3,task1,316,Dropped_ICA
sub04,ccx3_sess3,task1,317,Dropped_ICA
sub04,ccx3_sess3,task1,318,Dropped_ICA
sub04,ccx3_sess3,task1,319,Dropped_AutoReject
sub04,ccx3_sess3,task1,320,Dropped_ICA
sub04,ccx3_sess3,task1,321,Dropped_ICA
sub04,ccx3_sess3,task1,322,Dropped_ICA
sub04,ccx3_sess3,task1,323,Dropped_ICA
sub04,ccx3_sess3,task1,324,Dropped_ICA
sub04,ccx3_sess3,task1,325,Dropped_AutoReject
sub04,ccx3_sess3,task1,326,Dropped_ICA
sub04,ccx3_sess3,task1,327,Dropped_ICA
sub04,ccx3_sess3,task1,328,Dropped_ICA
sub04,ccx3_sess3,task1,329,Dropped_ICA
sub04,ccx3_sess3,task1,330,Dropped_ICA
sub04,ccx3_sess3,task1,331,OK
sub04,ccx3_sess3,task1,332,Dropped_ICA
sub04,ccx3_sess3,task1,333,Dropped_ICA
sub04,ccx3_sess3,task1,334,Dropped_ICA
sub04,ccx3_sess3,task1,335,Dropped_ICA
sub04,ccx3_sess3,task1,336,Dropped_ICA
sub04,ccx3_sess3,task1,337,Dropped_AutoReject
sub04,ccx3_sess3,task1,338,Dropped_ICA
sub04,ccx3_sess3,task1,339,Dropped_ICA
sub04,ccx3_sess3,task1,340,Dropped_ICA
sub04,ccx3_sess3,task1,341,Dropped_ICA
sub04,ccx3_sess3,task1,342,Dropped_ICA
sub04,ccx3_sess3,task1,343,Dropped_AutoReject
sub04,ccx3_sess3,task1,344,Dropped_ICA
sub04,ccx3_sess3,task1,345,Dropped_ICA
sub04,ccx3_sess3,task1,346,Dropped_ICA
sub04,ccx3_sess3,task1,347,Dropped_ICA
sub04,ccx3_sess3,task1,348,Dropped_ICA
sub04,ccx3_sess3,task1,349,Dropped_AutoReject
sub04,ccx3_sess3,task1,350,Dropped_ICA
sub04,ccx3_sess3,task1,351,Dropped_ICA
sub04,ccx3_sess3,task1,352,Dropped_ICA
sub04,ccx3_sess3,task1,353,Dropped_ICA
sub04,ccx3_sess3,task1,354,Dropped_ICA
sub04,ccx3_sess3,task1,355,Dropped_AutoReject
sub04,ccx3_sess3,task1,356,Dropped_ICA
sub04,ccx3_sess3,task1,357,Dropped_ICA
sub04,ccx3_sess3,task1,358,Dropped_ICA
sub04,ccx3_sess3,task1,359,Dropped_ICA
sub04,ccx3_sess3,task1,360,Dropped_ICA
sub04,ccx3_sess3,task1,361,Dropped_AutoReject
sub04,ccx3_sess3,task1,362,Dropped_ICA
sub04,ccx3_sess3,task1,363,Dropped_ICA
sub04,ccx3_sess3,task1,364,Dropped_ICA
sub04,ccx3_sess3,task1,365,Dropped_ICA
sub04,ccx3_sess3,task1,366,Dropped_ICA
sub04,ccx3_sess3,task1,367,OK
sub04,ccx3_sess3,task1,368,Dropped_ICA
sub04,ccx3_sess3,task1,369,Dropped_ICA
sub04,ccx3_sess3,task1,370,Dropped_ICA
sub04,ccx3_sess3,task1,371,Dropped_ICA
sub04,ccx3_sess3,task1,372,Dropped_ICA
sub04,ccx3_sess3,task1,373,Dropped_AutoReject
sub04,ccx3_sess3,task1,374,Dropped_ICA
sub04,ccx3_sess3,task1,375,Dropped_ICA
sub04,ccx3_sess3,task1,376,Dropped_ICA
sub04,ccx3_sess3,task1,377,Dropped_ICA
sub04,ccx3_sess3,task1,378,Dropped_ICA
sub04,ccx3_sess3,task1,379,Dropped_AutoReject
sub04,ccx3_sess3,task1,380,Dropped_ICA
sub04,ccx3_sess3,task1,381,Dropped_ICA
sub04,ccx3_sess3,task1,382,Dropped_ICA
sub04,ccx3_sess3,task1,383,Dropped_ICA
sub04,ccx3_sess3,task1,384,Dropped_ICA
sub04,ccx3_sess3,task1,385,Dropped_AutoReject
sub04,ccx3_sess3,task1,386,Dropped_ICA
sub04,ccx3_sess3,task1,387,Dropped_ICA
sub04,ccx3_sess3,task1,388,Dropped_ICA
sub04,ccx3_sess3,task1,389,Dropped_ICA
sub04,ccx3_sess3,task1,390,Dropped_ICA
sub04,ccx3_sess3,task1,391,Dropped_AutoReject
sub04,ccx3_sess3,task1,392,Dropped_ICA
sub04,ccx3_sess3,task1,393,Dropped_ICA
sub04,ccx3_sess3,task1,394,Dropped_ICA
sub04,ccx3_sess3,task1,395,Dropped_ICA
sub04,ccx3_sess3,task1,396,Dropped_ICA
sub04,ccx3_sess3,task1,397,Dropped_AutoReject
sub04,ccx3_sess3,task1,398,Dropped_ICA
sub04,ccx3_sess3,task1,399,Dropped_ICA
sub04,ccx3_sess3,task1,400,Dropped_ICA
sub04,ccx3_sess3,task1,401,Dropped_ICA
sub04,ccx3_sess3,task1,402,Dropped_ICA
sub04,ccx3_sess3,task1,403,OK
sub04,ccx3_sess3,task1,404,Dropped_ICA
sub04,ccx3_sess3,task1,405,Dropped_ICA
sub04,ccx3_sess3,task1,406,Dropped_ICA
sub04,ccx3_sess3,task1,407,Dropped_ICA
sub04,ccx3_sess3,task1,408,Dropped_ICA
sub04,ccx3_sess3,task1,409,Dropped_AutoReject
sub04,ccx3_sess3,task1,410,Dropped_ICA
sub04,ccx3_sess3,task1,411,Dropped_ICA
sub04,ccx3_sess3,task1,412,Dropped_ICA
sub04,ccx3_sess3,task1,413,Dropped_ICA
sub04,ccx3_sess3,task1,414,Dropped_ICA
sub04,ccx3_sess3,task1,415,Dropped_AutoReject
sub04,ccx3_sess3,task1,416,Dropped_ICA
sub04,ccx3_sess3,task1,417,Dropped_ICA
sub04,ccx3_sess3,task1,418,Dropped_ICA
sub04,ccx3_sess3,task1,419,Dropped_ICA
sub04,ccx3_sess3,task1,420,Dropped_ICA
sub04,ccx3_sess3,task1,421,Dropped_AutoReject
sub04,ccx3_sess3,task1,422,Dropped_ICA
sub04,ccx3_sess3,task1,423,Dropped_ICA
sub04,ccx3_sess3,task1,424,Dropped_ICA
sub04,ccx3_sess3,task1,425,Dropped_ICA
sub04,ccx3_sess3,task1,426,Dropped_ICA
sub04,ccx3_sess3,task1,427,Dropped_AutoReject
sub04,ccx3_sess3,task1,428,Dropped_ICA
sub04,ccx3_sess3,task1,429,Dropped_ICA
sub04,ccx3_sess3,task1,430,Dropped_ICA
sub04,ccx3_sess3,task1,431,Dropped_ICA
sub04,ccx3_sess3,task1,432,Dropped_ICA
sub04,ccx3_sess3,task1,433,Dropped_AutoReject
sub04,ccx3_sess3,task1,434,Dropped_ICA
sub04,ccx3_sess3,task1,435,Dropped_ICA
sub04,ccx3_sess3,task1,436,Dropped_ICA
sub04,ccx3_sess3,task1,437,Dropped_ICA
sub04,ccx3_sess3,task1,438,Dropped_ICA
sub04,ccx3_sess3,task1,439,OK
sub04,ccx3_sess3,task1,440,Dropped_ICA
sub04,ccx3_sess3,task1,441,Dropped_ICA
sub04,ccx3_sess3,task1,442,Dropped_ICA
sub04,ccx3_sess3,task1,443,Dropped_ICA
sub04,ccx3_sess3,task1,444,Dropped_ICA
sub04,ccx3_sess3,task1,445,Dropped_AutoReject
sub04,ccx3_sess3,task1,446,Dropped_ICA
sub04,ccx3_sess3,task1,447,Dropped_ICA
sub04,ccx3_sess3,task1,448,Dropped_ICA
sub04,ccx3_sess3,task1,449,Dropped_ICA
sub04,ccx3_sess3,task1,450,Dropped_ICA
sub04,ccx3_sess3,task1,451,Dropped_AutoReject
sub04,ccx3_sess3,task1,452,Dropped_ICA
sub04,ccx3_sess3,task1,453,Dropped_ICA
sub04,ccx3_sess3,task1,454,Dropped_ICA
sub04,ccx3_sess3,task1,455,Dropped_ICA
sub04,ccx3_sess3,task1,456,Dropped_ICA
sub04,ccx3_sess3,task1,457,Dropped_AutoReject
sub04,ccx3_sess3,task1,458,Dropped_ICA
sub04,ccx3_sess3,task1,459,Dropped_ICA
sub04,ccx3_sess3,task1,460,Dropped_ICA
sub04,ccx3_sess3,task1,461,Dropped_ICA
sub04,ccx3_sess3,task1,462,Dropped_ICA
sub04,ccx3_sess3,task1,463,Dropped_AutoReject
sub04,ccx3_sess3,task1,464,Dropped_ICA
sub04,ccx3_sess3,task1,465,Dropped_ICA
sub04,ccx3_sess3,task1,466,Dropped_ICA
sub04,ccx3_sess3,task1,467,Dropped_ICA
sub04,ccx3_sess3,task1,468,Dropped_ICA
sub04,ccx3_sess3,task1,469,Dropped_AutoReject
sub04,ccx3_sess3,task1,470,Dropped_ICA
sub04,ccx3_sess3,task1,471,Dropped_ICA
sub04,ccx3_sess3,task1,472,Dropped_ICA
sub04,ccx3_sess3,task1,473,Dropped_ICA
sub04,ccx3_sess3,task1,474,Dropped_ICA
sub04,ccx3_sess3,task1,475,OK
sub04,ccx3_sess3,task1,476,Dropped_ICA
sub04,ccx3_sess3,task1,477,Dropped_ICA
sub04,ccx3_sess3,task1,478,Dropped_ICA
sub04,ccx3_sess3,task1,479,Dropped_ICA
sub04,ccx3_sess3,task1,480,Dropped_ICA
sub04,ccx3_sess3,task1,481,Dropped_AutoReject
sub04,ccx3_sess3,task1,482,Dropped_ICA
sub04,ccx3_sess3,task1,483,Dropped_ICA
sub04,ccx3_sess3,task1,484,Dropped_ICA
sub04,ccx3_sess3,task1,485,Dropped_ICA
sub04,ccx3_sess3,task1,486,Dropped_ICA
sub04,ccx3_sess3,task1,487,Dropped_AutoReject
sub04,ccx3_sess3,task1,488,Dropped_ICA
sub04,ccx3_sess3,task1,489,Dropped_ICA
sub04,ccx3_sess3,task1,490,Dropped_ICA
sub04,ccx3_sess3,task1,491,Dropped_ICA
sub04,ccx3_sess3,task1,492,Dropped_ICA
sub04,ccx3_sess3,task1,493,Dropped_AutoReject
sub04,ccx3_sess3,task1,494,Dropped_ICA
sub04,ccx3_sess3,task1,495,Dropped_ICA
sub04,ccx3_sess3,task1,496,Dropped_ICA
sub04,ccx3_sess3,task1,497,Dropped_ICA
sub04,ccx3_sess3,task1,498,Dropped_ICA
sub04,ccx3_sess3,task1,499,Dropped_AutoReject
sub04,ccx3_sess3,task1,500,Dropped_ICA
sub04,ccx3_sess3,task1,501,Dropped_ICA
sub04,ccx3_sess3,task1,502,Dropped_ICA
sub04,ccx3_sess3,task1,503,Dropped_ICA
sub04,ccx3_sess3,task1,504,Dropped_ICA
sub04,ccx3_sess3,task1,505,Dropped_AutoReject
sub04,ccx3_sess3,task1,506,Dropped_ICA
sub04,ccx3_sess3,task1,507,Dropped_ICA
sub04,ccx3_sess3,task1,508,Dropped_ICA
sub04,ccx3_sess3,task1,509,Dropped_ICA
sub04,ccx3_sess3,task1,510,Dropped_ICA
sub04,ccx3_sess3,task1,511,OK
sub04,ccx3_sess3,task1,512,Dropped_ICA
sub04,ccx3_sess3,task1,513,Dropped_ICA
sub04,ccx3_sess3,task1,514,Dropped_ICA
sub04,ccx3_sess3,task1,515,Dropped_ICA
sub04,ccx3_sess3,task1,516,Dropped_ICA
sub04,ccx3_sess3,task1,517,Dropped_AutoReject
sub04,ccx3_sess3,task1,518,Dropped_ICA
sub04,ccx3_sess3,task1,519,Dropped_ICA
sub04,ccx3_sess3,task1,520,Dropped_ICA
sub04,ccx3_sess3,task1,521,Dropped_ICA
sub04,ccx3_sess3,task1,522,Dropped_ICA
sub04,ccx3_sess3,task1,523,Dropped_AutoReject
sub04,ccx3_sess3,task1,524,Dropped_ICA
sub04,ccx3_sess3,task1,525,Dropped_ICA
sub04,ccx3_sess3,task1,526,Dropped_ICA
sub04,ccx3_sess3,task1,527,Dropped_ICA
sub04,ccx3_sess3,task1,528,Dropped_ICA
sub04,ccx3_sess3,task1,529,Dropped_AutoReject
sub04,ccx3_sess3,task1,530,Dropped_ICA
sub04,ccx3_sess3,task1,531,Dropped_ICA
sub04,ccx3_sess3,task1,532,Dropped_ICA
sub04,ccx3_sess3,task1,533,Dropped_ICA
sub04,ccx3_sess3,task1,534,Dropped_ICA
sub04,ccx3_sess3,task1,535,Dropped_AutoReject
sub04,ccx3_sess3,task1,536,Dropped_ICA
sub04,ccx3_sess3,task1,537,Dropped_ICA
sub04,ccx3_sess3,task1,538,Dropped_ICA
sub04,ccx3_sess3,task1,539,Dropped_ICA
sub04,ccx3_sess3,task1,540,Dropped_ICA
sub04,ccx3_sess3,task1,541,Dropped_AutoReject
sub04,ccx3_sess3,task1,542,Dropped_ICA
sub04,ccx3_sess3,task1,543,Dropped_ICA
sub04,ccx3_sess3,task1,544,Dropped_ICA
sub04,ccx3_sess3,task1,545,Dropped_ICA
sub04,ccx3_sess3,task1,546,Dropped_ICA
sub04,ccx3_sess3,task1,547,OK
sub04,ccx3_sess3,task1,548,Dropped_ICA
sub04,ccx3_sess3,task1,549,Dropped_ICA
sub04,ccx3_sess3,task1,550,Dropped_ICA
sub04,ccx3_sess3,task1,551,Dropped_ICA
sub04,ccx3_sess3,task1,552,Dropped_ICA
sub04,ccx3_sess3,task1,553,Dropped_AutoReject
sub04,ccx3_sess3,task1,554,Dropped_ICA
sub04,ccx3_sess3,task1,555,Dropped_ICA
sub04,ccx3_sess3,task1,556,Dropped_ICA
sub04,ccx3_sess3,task1,557,Dropped_ICA
sub04,ccx3_sess3,task1,558,Dropped_ICA
sub04,ccx3_sess3,task1,559,Dropped_AutoReject
sub04,ccx3_sess3,task1,560,Dropped_ICA
sub04,ccx3_sess3,task1,561,Dropped_ICA
sub04,ccx3_sess3,task1,562,Dropped_ICA
sub04,ccx3_sess3,task1,563,Dropped_ICA
sub04,ccx3_sess3,task1,564,Dropped_ICA
sub04,ccx3_sess3,task1,565,Dropped_AutoReject
sub04,ccx3_sess3,task1,566,Dropped_ICA
sub04,ccx3_sess3,task1,567,Dropped_ICA
sub04,ccx3_sess3,task1,568,Dropped_ICA
sub04,ccx3_sess3,task1,569,Dropped_ICA
sub04,ccx3_sess3,task1,570,Dropped_ICA
sub04,ccx3_sess3,task1,571,Dropped_AutoReject
sub04,ccx3_sess3,task1,572,Dropped_ICA
sub04,ccx3_sess3,task1,573,Dropped_ICA
sub04,ccx3_sess3,task1,574,Dropped_ICA
sub04,ccx3_sess3,task1,575,Dropped_ICA
sub04,ccx3_sess3,task1,576,Dropped_ICA
sub04,ccx3_sess3,task1,577,Dropped_AutoReject
sub04,ccx3_sess3,task1,578,Dropped_ICA
sub04,ccx3_sess3,task1,579,Dropped_ICA
sub04,ccx3_sess3,task1,580,Dropped_ICA
sub04,ccx3_sess3,task1,581,Dropped_ICA
sub04,ccx3_sess3,task1,582,Dropped_ICA
sub04,ccx3_sess3,task1,583,OK
sub04,ccx3_sess3,task1,584,Dropped_ICA
sub04,ccx3_sess3,task1,585,Dropped_ICA
sub04,ccx3_sess3,task1,586,Dropped_ICA
sub04,ccx3_sess3,task1,587,Dropped_ICA
sub04,ccx3_sess3,task1,588,Dropped_ICA
sub04,ccx3_sess3,task1,589,Dropped_AutoReject
sub04,ccx3_sess3,task1,590,Dropped_ICA
sub04,ccx3_sess3,task1,591,Dropped_ICA
sub04,ccx3_sess3,task1,592,Dropped_ICA
sub04,ccx3_sess3,task1,593,Dropped_ICA
sub04,ccx3_sess3,task1,594,Dropped_ICA
sub04,ccx3_sess3,task1,595,Dropped_AutoReject
sub04,ccx3_sess3,task1,596,Dropped_ICA
sub04,ccx3_sess3,task1,597,Dropped_ICA
sub04,ccx3_sess3,task1,598,Dropped_ICA
sub04,ccx3_sess3,task1,599,Dropped_ICA
sub04,ccx3_sess3,task1,600,Dropped_ICA
sub04,ccx3_sess3,task1,601,Dropped_AutoReject
sub04,ccx3_sess3,task1,602,Dropped_ICA
sub04,ccx3_sess3,task1,603,Dropped_ICA
sub04,ccx3_sess3,task1,604,Dropped_ICA
sub04,ccx3_sess3,task1,605,Dropped_ICA
sub04,ccx3_sess3,task1,606,Dropped_ICA
sub04,ccx3_sess3,task1,607,Dropped_AutoReject
sub04,ccx3_sess3,task1,608,Dropped_ICA
sub04,ccx3_sess3,task1,609,Dropped_ICA
sub04,ccx3_sess3,task1,610,Dropped_ICA
sub04,ccx3_sess3,task1,611,Dropped_ICA
sub04,ccx3_sess3,task1,612,Dropped_ICA
sub04,ccx3_sess3,task1,613,Dropped_AutoReject
sub04,ccx3_sess3,task1,614,Dropped_ICA
sub04,ccx3_sess3,task1,615,Dropped_ICA
sub04,ccx3_sess3,task1,616,Dropped_ICA
sub04,ccx3_sess3,task1,617,Dropped_ICA
sub04,ccx3_sess3,task1,618,Dropped_ICA
sub04,ccx3_sess3,task1,619,OK
sub04,ccx3_sess3,task1,620,Dropped_ICA
sub04,ccx3_sess3,task1,621,Dropped_ICA
sub04,ccx3_sess3,task1,622,Dropped_ICA
sub04,ccx3_sess3,task1,623,Dropped_ICA
sub04,ccx3_sess3,task1,624,Dropped_ICA
sub04,ccx3_sess3,task1,625,Dropped_AutoReject
sub04,ccx3_sess3,task1,626,Dropped_ICA
sub04,ccx3_sess3,task1,627,Dropped_ICA
sub04,ccx3_sess3,task1,628,Dropped_ICA
sub04,ccx3_sess3,task1,629,Dropped_ICA
sub04,ccx3_sess3,task1,630,Dropped_ICA
sub04,ccx3_sess3,task1,631,Dropped_AutoReject
sub04,ccx3_sess3,task1,632,Dropped_ICA
sub04,ccx3_sess3,task1,633,Dropped_ICA
sub04,ccx3_sess3,task1,634,Dropped_ICA
sub04,ccx3_sess3,task1,635,Dropped_ICA
sub04,ccx3_sess3,task1,636,Dropped_ICA
sub04,ccx3_sess3,task1,637,Dropped_AutoReject
sub04,ccx3_sess3,task1,638,Dropped_ICA
sub04,ccx3_sess3,task1,639,Dropped_ICA
sub04,ccx3_sess3,task1,640,Dropped_ICA
sub04,ccx3_sess3,task1,641,Dropped_ICA
sub04,ccx3_sess3,task1,642,Dropped_ICA
sub04,ccx3_sess3,task1,643,Dropped_AutoReject
sub04,ccx3_sess3,task1,644,Dropped_ICA
sub04,ccx3_sess3,task1,645,Dropped_ICA
sub04,ccx3_sess3,task1,646,Dropped_ICA
sub04,ccx3_sess3,task1,647,Dropped_ICA
sub04,ccx3_sess3,task1,648,Dropped_ICA
sub04,ccx3_sess3,task1,649,Dropped_AutoReject
sub04,ccx3_sess3,task1,650,Dropped_ICA
sub04,ccx3_sess3,task1,651,Dropped_ICA
sub04,ccx3_sess3,task1,652,Dropped_ICA
sub04,ccx3_sess3,task1,653,Dropped_ICA
sub04,ccx3_sess3,task1,654,Dropped_ICA
sub04,ccx3_sess3,task1,655,OK
sub04,ccx3_sess3,task1,656,Dropped_ICA
sub04,ccx3_sess3,task1,657,Dropped_ICA
sub04,ccx3_sess3,task1,658,Dropped_ICA
sub04,ccx3_sess3,task1,659,Dropped_ICA
sub04,ccx3_sess3,task1,660,Dropped_ICA
sub04,ccx3_sess3,task1,661,Dropped_AutoReject
sub04,ccx3_sess3,task1,662,Dropped_ICA
sub04,ccx3_sess3,task1,663,Dropped_ICA
sub04,ccx3_sess3,task1,664,Dropped_ICA
sub04,ccx3_sess3,task1,665,Dropped_ICA
sub04,ccx3_sess3,task1,666,Dropped_ICA
sub04,ccx3_sess3,task1,667,Dropped_AutoReject
sub04,ccx3_sess3,task1,668,Dropped_ICA
sub04,ccx3_sess3,task1,669,Dropped_ICA
sub04,ccx3_sess3,task1,670,Dropped_ICA
sub04,ccx3_sess3,task1,671,Dropped_ICA
sub04,ccx3_sess3,task1,672,Dropped_ICA
sub04,ccx3_sess3,task1,673,Dropped_AutoReject
sub04,ccx3_sess3,task1,674,Dropped_ICA
sub04,ccx3_sess3,task1,675,Dropped_ICA
sub04,ccx3_sess3,task1,676,Dropped_ICA
sub04,ccx3_sess3,task1,677,Dropped_ICA
sub04,ccx3_sess3,task1,678,Dropped_ICA
sub04,ccx3_sess3,task1,679,Dropped_AutoReject
sub04,ccx3_sess3,task1,680,Dropped_ICA
sub04,ccx3_sess3,task1,681,Dropped_ICA
sub04,ccx3_sess3,task1,682,Dropped_ICA
sub04,ccx3_sess3,task1,683,Dropped_ICA
sub04,ccx3_sess3,task1,684,Dropped_ICA
sub04,ccx3_sess3,task1,685,Dropped_AutoReject
sub04,ccx3_sess3,task1,686,Dropped_ICA
sub04,ccx3_sess3,task1,687,Dropped_ICA
sub04,ccx3_sess3,task1,688,Dropped_ICA
sub04,ccx3_sess3,task1,689,Dropped_ICA
sub04,ccx3_sess3,task1,690,Dropped_ICA
sub04,ccx3_sess3,task1,691,OK
sub04,ccx3_sess3,task1,692,Dropped_ICA
sub04,ccx3_sess3,task1,693,Dropped_ICA
sub04,ccx3_sess3,task1,694,Dropped_ICA
sub04,ccx3_sess3,task1,695,Dropped_ICA
sub04,ccx3_sess3,task1,696,Dropped_ICA
sub04,ccx3_sess3,task1,697,Dropped_AutoReject
sub04,ccx3_sess3,task1,698,Dropped_ICA
sub04,ccx3_sess3,task1,699,Dropped_ICA
sub04,ccx3_sess3,task1,700,Dropped_ICA
sub04,ccx3_sess3,task1,701,Dropped_ICA
sub04,ccx3_sess3,task1,702,Dropped_ICA
sub04,ccx3_sess3,task1,703,Dropped_AutoReject
sub04,ccx3_sess3,task1,704,Dropped_ICA
sub04,ccx3_sess3,task1,705,Dropped_ICA
sub04,ccx3_sess3,task1,706,Dropped_ICA
sub04,ccx3_sess3,task1,707,Dropped_ICA
sub04,ccx3_sess3,task1,708,Dropped_ICA
sub04,ccx3_sess3,task1,709,Dropped_AutoReject
sub04,ccx3_sess3,task1,710,Dropped_ICA
sub04,ccx3_sess3,task1,711,Dropped_ICA
sub04,ccx3_sess3,task1,712,Dropped_ICA
sub04,ccx3_sess3,task1,713,Dropped_ICA
sub04,ccx3_sess3,task1,714,Dropped_ICA
sub04,ccx3_sess3,task1,715,Dropped_AutoReject
sub04,ccx3_sess3,task1,716,Dropped_ICA
sub04,ccx3_sess3,task1,717,Dropped_ICA
sub04,ccx3_sess3,task1,718,Dropped_ICA
sub04,ccx3_sess3,task1,719,Dropped_ICA
sub04,ccx3_sess3,task1,720,Dropped_ICA
sub04,ccx3_sess3,task1,721,Dropped_AutoReject
sub04,ccx3_sess3,task1,722,Dropped_ICA
sub04,ccx3_sess3,task1,723,Dropped_ICA
sub04,ccx3_sess3,task1,724,Dropped_ICA
sub04,ccx3_sess3,task1,725,Dropped_ICA
sub04,ccx3_sess3,task1,726,Dropped_ICA
sub04,ccx3_sess3,task1,727,OK
sub04,ccx3_sess3,task1,728,Dropped_ICA
sub04,ccx3_sess3,task1,729,Dropped_ICA
sub04,ccx3_sess3,task1,730,Dropped_ICA
sub04,ccx3_sess3,task1,731,Dropped_ICA
sub04,ccx3_sess3,task1,732,Dropped_ICA
sub04,ccx3_sess3,task1,733,Dropped_AutoReject
sub04,ccx3_sess3,task1,734,Dropped_ICA
sub04,ccx3_sess3,task1,735,Dropped_ICA
sub04,ccx3_sess3,task1,736,Dropped_ICA
sub04,ccx3_sess3,task1,737,Dropped_ICA
sub04,ccx3_sess3,task1,738,Dropped_ICA
sub04,ccx3_sess3,task1,739,Dropped_AutoReject
sub04,ccx3_sess3,task1,740,Dropped_ICA
sub04,ccx3_sess3,task1,741,Dropped_ICA
sub04,ccx3_sess3,task1,742,Dropped_ICA
sub04,ccx3_sess3,task1,743,Dropped_ICA
sub04,ccx3_sess3,task1,744,Dropped_ICA
sub04,ccx3_sess3,task1,745,Dropped_AutoReject
sub04,ccx3_sess3,task1,746,Dropped_ICA
sub04,ccx3_sess3,task1,747,Dropped_ICA
sub04,ccx3_sess3,task1,748,Dropped_ICA
sub04,ccx3_sess3,task1,749,Dropped_ICA
sub04,ccx3_sess3,task1,750,Dropped_ICA
sub04,ccx3_sess3,task1,751,Dropped_AutoReject
sub04,ccx3_sess3,task1,752,Dropped_ICA
sub04,ccx3_sess3,task1,753,Dropped_ICA
sub04,ccx3_sess3,task1,754,Dropped_ICA
sub04,ccx3_sess3,task1,755,Dropped_ICA
sub04,ccx3_sess3,task1,756,Dropped_ICA
sub04,ccx3_sess3,task1,757,Dropped_AutoReject
sub04,ccx3_sess3,task1,758,Dropped_ICA
sub04,ccx3_sess3,task1,759,Dropped_ICA
sub04,ccx3_sess3,task1,760,Dropped_ICA
sub04,ccx3_sess3,task1,761,Dropped_ICA
sub04,ccx3_sess3,task1,762,Dropped_ICA
sub04,ccx3_sess3,task1,763,OK
sub04,ccx3_sess3,task1,764,Dropped_ICA
sub04,ccx3_sess3,task1,765,Dropped_ICA
sub04,ccx3_sess3,task1,766,Dropped_ICA
sub04,ccx3_sess3,task1,767,Dropped_ICA
sub04,ccx3_sess3,task1,768,Dropped_ICA
sub04,ccx3_sess3,task1,769,Dropped_AutoReject
sub04,ccx3_sess3,task1,770,Dropped_ICA
sub04,ccx3_sess3,task1,771,Dropped_ICA
sub04,ccx3_sess3,task1,772,Dropped_ICA
sub04,ccx3_sess3,task1,773,Dropped_ICA
sub04,ccx3_sess3,task1,774,Dropped_ICA
sub04,ccx3_sess3,task1,775,Dropped_AutoReject
sub04,ccx3_sess3,task1,776,Dropped_ICA
sub04,ccx3_sess3,task1,777,Dropped_ICA
sub04,ccx3_sess3,task1,778,Dropped_ICA
sub04,ccx3_sess3,task1,779,Dropped_ICA
sub04,ccx3_sess3,task1,780,Dropped_ICA
sub04,ccx3_sess3,task1,781,Dropped_AutoReject
sub04,ccx3_sess3,task1,782,Dropped_ICA
sub04,ccx3_sess3,task1,783,Dropped_ICA
sub04,ccx3_sess3,task1,784,Dropped_ICA
sub04,ccx3_sess3,task1,785,Dropped_ICA
sub04,ccx3_sess3,task1,786,Dropped_ICA
sub04,ccx3_sess3,task1,787,Dropped_AutoReject
sub04,ccx3_sess3,task1,788,Dropped_ICA
sub04,ccx3_sess3,task1,789,Dropped_ICA
sub04,ccx3_sess3,task1,790,Dropped_ICA
sub04,ccx3_sess3,task1,791,Dropped_ICA
sub04,ccx3_sess3,task1,792,Dropped_ICA
sub04,ccx3_sess3,task1,793,Dropped_AutoReject
sub04,ccx3_sess3,task1,794,Dropped_ICA
sub04,ccx3_sess3,task1,795,Dropped_ICA
sub04,ccx3_sess3,task1,796,Dropped_ICA
sub04,ccx3_sess3,task1,797,Dropped_ICA
sub04,ccx3_sess3,task1,798,Dropped_ICA
sub04,ccx3_sess3,task1,799,OK
sub04,ccx3_sess3,task1,800,Dropped_ICA
sub04,ccx3_sess3,task1,801,Dropped_ICA
sub04,ccx3_sess3,task1,802,Dropped_ICA
sub04,ccx3_sess3,task1,803,Dropped_ICA
sub04,ccx3_sess3,task1,804,Dropped_ICA
sub04,ccx3_sess3,task1,805,Dropped_AutoReject
sub04,ccx3_sess3,task1,806,Dropped_ICA
sub04,ccx3_sess3,task1,807,Dropped_ICA
sub04,ccx3_sess3,task1,808,Dropped_ICA
sub04,ccx3_sess3,task1,809,Dropped_ICA
sub04,ccx3_sess3,task1,810,Dropped_ICA
sub04,ccx3_sess3,task1,811,Dropped_AutoReject
sub04,ccx3_sess3,task1,812,Dropped_ICA
sub04,ccx3_sess3,task1,813,Dropped_ICA
sub04,ccx3_sess3,task1,814,Dropped_ICA
sub04,ccx3_sess3,task1,815,Dropped_ICA
sub04,ccx3_sess3,task1,816,Dropped_ICA
sub04,ccx3_sess3,task1,817,Dropped_AutoReject
sub04,ccx3_sess3,task1,818,Dropped_ICA
sub04,ccx3_sess3,task1,819,Dropped_ICA
sub04,ccx3_sess3,task1,820,Dropped_ICA
sub04,ccx3_sess3,task1,821,Dropped_ICA
sub04,ccx3_sess3,task1,822,Dropped_ICA
sub04,ccx3_sess3,task1,823,Dropped_AutoReject
sub04,ccx3_sess3,task1,824,Dropped_ICA
sub04,ccx3_sess3,task1,825,Dropped_ICA
sub04,ccx3_sess3,task1,826,Dropped_ICA
sub04,ccx3_sess3,task1,827,Dropped_ICA
sub04,ccx3_sess3,task1,828,Dropped_ICA
sub04,ccx3_sess3,task1,829,Dropped_AutoReject
sub04,ccx3_sess3,task1,830,Dropped_ICA
sub04,ccx3_sess3,task1,831,Dropped_ICA
sub04,ccx3_sess3,task1,832,Dropped_ICA
sub04,ccx3_sess3,task1,833,Dropped_ICA
sub04,ccx3_sess3,task1,834,Dropped_ICA
sub04,ccx3_sess3,task1,835,OK
sub04,ccx3_sess3,task1,836,Dropped_ICA
sub04,ccx3_sess3,task1,837,Dropped_ICA
sub04,ccx3_sess3,task1,838,Dropped_ICA
sub04,ccx3_sess3,task1,839,Dropped_ICA
sub04,ccx3_sess3,task1,840,Dropped_ICA
sub04,ccx3_sess3,task1,841,Dropped_AutoReject
sub04,ccx3_sess3,task1,842,Dropped_ICA
sub04,ccx3_sess3,task1,843,Dropped_ICA
sub04,ccx3_sess3,task1,844,Dropped_ICA
sub04,ccx3_sess3,task1,845,Dropped_ICA
sub04,ccx3_sess3,task1,846,Dropped_ICA
sub04,ccx3_sess3,task1,847,Dropped_AutoReject
sub04,ccx3_sess3,task1,848,Dropped_ICA
sub04,ccx3_sess3,task1,849,Dropped_ICA
sub04,ccx3_sess3,task1,850,Dropped_ICA
sub04,ccx3_sess3,task1,851,Dropped_ICA
sub04,ccx3_sess3,task1,852,Dropped_ICA
sub04,ccx3_sess3,task1,853,Dropped_AutoReject
sub04,ccx3_sess3,task1,854,Dropped_ICA
sub04,ccx3_sess3,task1,855,Dropped_ICA
sub04,ccx3_sess3,task1,856,Dropped_ICA
sub04,ccx3_sess3,task1,857,Dropped_ICA
sub04,ccx3_sess3,task1,858,Dropped_ICA
sub04,ccx3_sess3,task1,859,Dropped_AutoReject
sub04,ccx3_sess3,task1,860,Dropped_ICA
sub04,ccx3_sess3,task1,861,Dropped_ICA
sub04,ccx3_sess3,task1,862,Dropped_ICA
sub04,ccx3_sess3,task1,863,Dropped_ICA
sub04,ccx3_sess3,task1,864,Dropped_ICA
sub04,ccx3_sess3,task1,865,Dropped_AutoReject
sub04,ccx3_sess3,task1,866,Dropped_ICA
sub04,ccx3_sess3,task1,867,Dropped_ICA
sub04,ccx3_sess3,task1,868,Dropped_ICA
sub04,ccx3_sess3,task1,869,Dropped_ICA
sub04,ccx3_sess3,task1,870,Dropped_ICA
sub04,ccx3_sess3,task1,871,OK
sub04,ccx3_sess3,task1,872,Dropped_ICA
sub04,ccx3_sess3,task1,873,Dropped_ICA
sub04,ccx3_sess3,task1,874,Dropped_ICA
sub04,ccx3_sess3,task1,875,Dropped_ICA
sub04,ccx3_sess3,task1,876,Dropped_ICA
sub04,ccx3_sess3,task1,877,Dropped_AutoReject
sub04,ccx3_sess3,task1,878,Dropped_ICA
sub04,ccx3_sess3,task1,879,Dropped_ICA
sub04,ccx3_sess3,task1,880,Dropped_ICA
sub04,ccx3_sess3,task1,881,Dropped_ICA
sub04,ccx3_sess3,task1,882,Dropped_ICA
sub04,ccx3_sess3,task1,883,Dropped_AutoReject
sub04,ccx3_sess3,task1,884,Dropped_ICA
sub04,ccx3_sess3,task1,885,Dropped_ICA
sub04,ccx3_sess3,task1,886,Dropped_ICA
sub04,ccx3_sess3,task1,887,Dropped_ICA
sub04,ccx3_sess3,task1,888,Dropped_ICA
sub04,ccx3_sess3,task1,889,Dropped_AutoReject
sub04,ccx3_sess3,task1,890,Dropped_ICA
sub04,ccx3_sess3,task1,891,Dropped_ICA
sub04,ccx3_sess3,task1,892,Dropped_ICA
sub04,ccx3_sess3,task1,893,Dropped_ICA
sub04,ccx3_sess3,task1,894,Dropped_ICA
sub04,ccx3_sess3,task1,895,Dropped_AutoReject
sub04,ccx3_sess3,task1,896,Dropped_ICA
sub04,ccx3_sess3,task1,897,Dropped_ICA
sub04,ccx3_sess3,task1,898,Dropped_ICA
sub04,ccx3_sess3,task1,899,Dropped_ICA
sub04,ccx3_sess3,task1,900,Dropped_ICA
sub04,ccx3_sess3,task1,901,Dropped_AutoReject
sub04,ccx3_sess3,task1,902,Dropped_ICA
sub04,ccx3_sess3,task1,903,Dropped_ICA
sub04,ccx3_sess3,task1,904,Dropped_ICA
sub04,ccx3_sess3,task1,905,Dropped_ICA
sub04,ccx3_sess3,task1,906,Dropped_ICA
sub04,ccx3_sess3,task1,907,OK
sub04,ccx3_sess3,task1,908,Dropped_ICA
sub04,ccx3_sess3,task1,909,Dropped_ICA
sub04,ccx3_sess3,task1,910,Dropped_ICA
sub04,ccx3_sess3,task1,911,Dropped_ICA
sub04,ccx3_sess3,task1,912,Dropped_ICA
sub04,ccx3_sess3,task1,913,Dropped_AutoReject
sub04,ccx3_sess3,task1,914,Dropped_ICA
sub04,ccx3_sess3,task1,915,Dropped_ICA
sub04,ccx3_sess3,task1,916,Dropped_ICA
sub04,ccx3_sess3,task1,917,Dropped_ICA
sub04,ccx3_sess3,task1,918,Dropped_ICA
sub04,ccx3_sess3,task1,919,Dropped_AutoReject
sub04,ccx3_sess3,task1,920,Dropped_ICA
sub04,ccx3_sess3,task1,921,Dropped_ICA
sub04,ccx3_sess3,task1,922,Dropped_ICA
sub04,ccx3_sess3,task1,923,Dropped_ICA
sub04,ccx3_sess3,task1,924,Dropped_ICA
sub04,ccx3_sess3,task1,925,Dropped_AutoReject
sub04,ccx3_sess3,task1,926,Dropped_ICA
sub04,ccx3_sess3,task1,927,Dropped_ICA
sub04,ccx3_sess3,task1,928,Dropped_ICA
sub04,ccx3_sess3,task1,929,Dropped_ICA
sub04,ccx3_sess3,task1,930,Dropped_ICA
sub04,ccx3_sess3,task1,931,Dropped_AutoReject
sub04,ccx3_sess3,task1,932,Dropped_ICA
sub04,ccx3_sess3,task1,933,Dropped_ICA
sub04,ccx3_sess3,task1,934,Dropped_ICA
sub04,ccx3_sess3,task1,935,Dropped_ICA
sub04,ccx3_sess3,task1,936,Dropped_ICA
sub04,ccx3_sess3,task1,937,Dropped_AutoReject
sub04,ccx3_sess3,task1,938,Dropped_ICA
sub04,ccx3_sess3,task1,939,Dropped_ICA
sub04,ccx3_sess3,task1,940,Dropped_ICA
sub04,ccx3_sess3,task1,941,Dropped_ICA
sub04,ccx3_sess3,task1,942,Dropped_ICA
sub04,ccx3_sess3,task1,943,OK
sub04,ccx3_sess3,task1,944,Dropped_ICA
sub04,ccx3_sess3,task1,945,Dropped_ICA
sub04,ccx3_sess3,task1,946,Dropped_ICA
sub04,ccx3_sess3,task1,947,Dropped_ICA
sub04,ccx3_sess3,task1,948,Dropped_ICA
sub04,ccx3_sess3,task1,949,Dropped_AutoReject
sub04,ccx3_sess3,task1,950,Dropped_ICA
sub04,ccx3_sess3,task1,951,Dropped_ICA
sub04,ccx3_sess3,task1,952,Dropped_ICA
sub04,ccx3_sess3,task1,953,Dropped_ICA
sub04,ccx3_sess3,task1,954,Dropped_ICA
sub04,ccx3_sess3,task1,955,Dropped_AutoReject
sub04,ccx3_sess3,task1,956,Dropped_ICA
sub04,ccx3_sess3,task1,957,Dropped_ICA
sub04,ccx3_sess3,task1,958,Dropped_ICA
sub04,ccx3_sess3,task1,959,Dropped_ICA
sub04,ccx3_sess3,task1,960,Dropped_ICA
sub04,ccx3_sess3,task1,961,Dropped_AutoReject
sub04,ccx3_sess3,task1,962,Dropped_ICA
sub04,ccx3_sess3,task1,963,Dropped_ICA
sub04,ccx3_sess3,task1,964,Dropped_ICA
sub04,ccx3_sess3,task1,965,Dropped_ICA
sub04,ccx3_sess3,task1,966,Dropped_ICA
sub04,ccx3_sess3,task1,967,Dropped_AutoReject
sub04,ccx3_sess3,task1,968,Dropped_ICA
sub04,ccx3_sess3,task1,969,Dropped_ICA
sub04,ccx3_sess3,task1,970,Dropped_ICA
sub04,ccx3_sess3,task1,971,Dropped_ICA
sub04,ccx3_sess3,task1,972,Dropped_ICA
sub04,ccx3_sess3,task1,973,Dropped_AutoReject
sub04,ccx3_sess3,task1,974,Dropped_ICA
sub04,ccx3_sess3,task1,975,Dropped_ICA
sub04,ccx3_sess3,task1,976,Dropped_ICA
sub04,ccx3_sess3,task1,977,Dropped_ICA
sub04,ccx3_sess3,task1,978,Dropped_ICA
sub04,ccx3_sess3,task1,979,OK
sub04,ccx3_sess3,task1,980,Dropped_ICA
sub04,ccx3_sess3,task1,981,Dropped_ICA
sub04,ccx3_sess3,task1,982,Dropped_ICA
sub04,ccx3_sess3,task1,983,Dropped_ICA
sub04,ccx3_sess3,task1,984,Dropped_ICA
sub04,ccx3_sess3,task1,985,Dropped_AutoReject
sub04,ccx3_sess3,task1,986,Dropped_ICA
sub04,ccx3_sess3,task1,987,Dropped_ICA
sub04,ccx3_sess3,task1,988,Dropped_ICA
sub04,ccx3_sess3,task1,989,Dropped_ICA
sub04,ccx3_sess3,task1,990,Dropped_ICA
sub04,ccx3_sess3,task1,991,Dropped_AutoReject
sub04,ccx3_sess3,task1,992,Dropped_ICA
sub04,ccx3_sess3,task1,993,Dropped_ICA
sub04,ccx3_sess3,task1,994,Dropped_ICA
sub04,ccx3_sess3,task1,995,Dropped_ICA
sub04,ccx3_sess3,task1,996,Dropped_ICA
sub04,ccx3_sess3,task1,997,Dropped_AutoReject
sub04,ccx3_sess3,task1,998,Dropped_ICA
sub04,ccx3_sess3,task1,999,Dropped_ICA
sub04,ccx3_sess3,task1,1000,Dropped_ICA
sub04,ccx3_sess3,task1,1001,Dropped_ICA
sub04,ccx3_sess3,task1,1002,Dropped_ICA
sub04,ccx3_sess3,task1,1003,Dropped_AutoReject
sub04,ccx3_sess3,task1,1004,Dropped_ICA
sub04,ccx3_sess3,task1,1005,Dropped_ICA
sub04,ccx3_sess3,task1,1006,Dropped_ICA
sub04,ccx3_sess3,task1,1007,Dropped_ICA
sub04,ccx3_sess3,task1,1008,Dropped_ICA
sub04,ccx3_sess3,task1,1009,Dropped_AutoReject
sub04,ccx3_sess3,task1,1010,Dropped_ICA
sub04,ccx3_sess3,task1,1011,Dropped_ICA
sub04,ccx3_sess3,task1,1012,Dropped_ICA
sub04,ccx3_sess3,task1,1013,Dropped_ICA
sub04,ccx3_sess3,task1,1014,Dropped_ICA
sub04,ccx3_sess3,task1,1015,OK
sub04,ccx3_sess3,task1,1016,Dropped_ICA
sub04,ccx3_sess3,task1,1017,Dropped_ICA
sub04,ccx3_sess3,task1,1018,Dropped_ICA
sub04,ccx3_sess3,task1,1019,Dropped_ICA
sub04,ccx3_sess3,task1,1020,Dropped_ICA
sub04,ccx3_sess3,task1,1021,Dropped_AutoReject
sub04,ccx3_sess3,task1,1022,Dropped_ICA
sub04,ccx3_sess3,task1,1023,Dropped_ICA
sub04,ccx3_sess3,task1,1024,Dropped_ICA
sub04,ccx3_sess3,task1,1025,Dropped_ICA
sub04,ccx3_sess3,task1,1026,Dropped_ICA
sub04,ccx3_sess3,task1,1027,Dropped_AutoReject
sub04,ccx3_sess3,task1,1028,Dropped_ICA
sub04,ccx3_sess3,task1,1029,Dropped_ICA
sub04,ccx3_sess3,task1,1030,Dropped_ICA
sub04,ccx3_sess3,task1,1031,Dropped_ICA
sub04,ccx3_sess3,task1,1032,Dropped_ICA
sub04,ccx3_sess3,task1,1033,Dropped_AutoReject
sub04,ccx3_sess3,task1,1034,Dropped_ICA
sub04,ccx3_sess3,task1,1035,Dropped_ICA
sub04,ccx3_sess3,task1,1036,Dropped_ICA
sub04,ccx3_sess3,task1,1037,Dropped_ICA
sub04,ccx3_sess3,task1,1038,Dropped_ICA
sub04,ccx3_sess3,task1,1039,Dropped_AutoReject
sub04,ccx3_sess3,task1,1040,Dropped_ICA
sub04,ccx3_sess3,task1,1041,Dropped_ICA
sub04,ccx3_sess3,task1,1042,Dropped_ICA
sub04,ccx3_sess3,task1,1043,Dropped_ICA
sub04,ccx3_sess3,task1,1044,Dropped_ICA
sub04,ccx3_sess3,task1,1045,Dropped_AutoReject
sub04,ccx3_sess3,task1,1046,Dropped_ICA
sub04,ccx3_sess3,task1,1047,Dropped_ICA
sub04,ccx3_sess3,task1,1048,Dropped_ICA
sub04,ccx3_sess3,task1,1049,Dropped_ICA
sub04,ccx3_sess3,task1,1050,Dropped_ICA
sub04,ccx3_sess3,task1,1051,OK
sub04,ccx3_sess3,task1,1052,Dropped_ICA
sub04,ccx3_sess3,task1,1053,Dropped_ICA
sub04,ccx3_sess3,task1,1054,Dropped_ICA
sub04,ccx3_sess3,task1,1055,Dropped_ICA
sub04,ccx3_sess3,task1,1056,Dropped_ICA
sub04,ccx3_sess3,task1,1057,Dropped_AutoReject
sub04,ccx3_sess3,task1,1058,Dropped_ICA
sub04,ccx3_sess3,task1,1059,Dropped_ICA
sub04,ccx3_sess3,task1,1060,Dropped_ICA
sub04,ccx3_sess3,task1,1061,Dropped_ICA
sub04,ccx3_sess3,task1,1062,Dropped_ICA
sub04,ccx3_sess3,task1,1063,Dropped_AutoReject
sub04,ccx3_sess3,task1,1064,Dropped_ICA
sub04,ccx3_sess3,task1,1065,Dropped_ICA
sub04,ccx3_sess3,task1,1066,Dropped_ICA
sub04,ccx3_sess3,task1,1067,Dropped_ICA
sub04,ccx3_sess3,task1,1068,Dropped_ICA
sub04,ccx3_sess3,task1,1069,Dropped_AutoReject
sub04,ccx3_sess3,task1,1070,Dropped_ICA
sub04,ccx3_sess3,task1,1071,Dropped_ICA
sub04,ccx3_sess3,task1,1072,Dropped_ICA
sub04,ccx3_sess3,task1,1073,Dropped_ICA
sub04,ccx3_sess3,task1,1074,Dropped_ICA
sub04,ccx3_sess3,task1,1075,Dropped_AutoReject
sub04,ccx3_sess3,task1,1076,Dropped_ICA
sub04,ccx3_sess3,task1,1077,Dropped_ICA
sub04,ccx3_sess3,task1,1078,Dropped_ICA
sub04,ccx3_sess3,task1,1079,Dropped_ICA
sub04,ccx3_sess3,task1,1080,Dropped_ICA
sub04,ccx3_sess3,task1,1081,Dropped_AutoReject
sub04,ccx3_sess3,task1,1082,Dropped_ICA
sub04,ccx3_sess3,task1,1083,Dropped_ICA
sub04,ccx3_sess3,task1,1084,Dropped_ICA
sub04,ccx3_sess3,task1,1085,Dropped_ICA
sub04,ccx3_sess3,task1,1086,Dropped_ICA
sub04,ccx3_sess3,task1,1087,OK
sub04,ccx3_sess3,task1,1088,Dropped_ICA
sub04,ccx3_sess3,task1,1089,Dropped_ICA
sub04,ccx3_sess3,task1,1090,Dropped_ICA
sub04,ccx3_sess3,task1,1091,Dropped_ICA
sub04,ccx3_sess3,task1,1092,Dropped_ICA
sub04,ccx3_sess3,task1,1093,Dropped_AutoReject
sub04,ccx3_sess3,task1,1094,Dropped_ICA
sub04,ccx3_sess3,task1,1095,Dropped_ICA
sub04,ccx3_sess3,task1,1096,Dropped_ICA
sub04,ccx3_sess3,task1,1097,Dropped_ICA
sub04,ccx3_sess3,task1,1098,Dropped_ICA
sub04,ccx3_sess3,task1,1099,Dropped_AutoReject
sub04,ccx3_sess3,task1,1100,Dropped_ICA
sub04,ccx3_sess3,task1,1101,Dropped_ICA
sub04,ccx3_sess3,task1,1102,Dropped_ICA
sub04,ccx3_sess3,task1,1103,Dropped_ICA
sub04,ccx3_sess3,task1,1104,Dropped_ICA
sub04,ccx3_sess3,task1,1105,Dropped_AutoReject
sub04,ccx3_sess3,task1,1106,Dropped_ICA
sub04,ccx3_sess3,task1,1107,Dropped_ICA
sub04,ccx3_sess3,task1,1108,Dropped_ICA
sub04,ccx3_sess3,task1,1109,Dropped_ICA
sub04,ccx3_sess3,task1,1110,Dropped_ICA
sub04,ccx3_sess3,task1,1111,Dropped_AutoReject
sub04,ccx3_sess3,task1,1112,Dropped_ICA
sub04,ccx3_sess3,task1,1113,Dropped_ICA
sub04,ccx3_sess3,task1,1114,Dropped_ICA
sub04,ccx3_sess3,task1,1115,Dropped_ICA
sub04,ccx3_sess3,task1,1116,Dropped_ICA
sub04,ccx3_sess3,task1,1117,Dropped_AutoReject
sub04,ccx3_sess3,task1,1118,Dropped_ICA
sub04,ccx3_sess3,task1,1119,Dropped_ICA
sub04,ccx3_sess3,task1,1120,Dropped_ICA
sub04,ccx3_sess3,task1,1121,Dropped_ICA
sub04,ccx3_sess3,task1,1122,Dropped_ICA
sub04,ccx3_sess3,task1,1123,OK
sub04,ccx3_sess3,task1,1124,Dropped_ICA
sub04,ccx3_sess3,task1,1125,Dropped_ICA
sub04,ccx3_sess3,task1,1126,Dropped_ICA
sub04,ccx3_sess3,task1,1127,Dropped_ICA
sub04,ccx3_sess3,task1,1128,Dropped_ICA
sub04,ccx3_sess3,task1,1129,Dropped_AutoReject
sub04,ccx3_sess3,task1,1130,Dropped_ICA
sub04,ccx3_sess3,task1,1131,Dropped_ICA
sub04,ccx3_sess3,task1,1132,Dropped_ICA
sub04,ccx3_sess3,task1,1133,Dropped_ICA
sub04,ccx3_sess3,task1,1134,Dropped_ICA
sub04,ccx3_sess3,task1,1135,Dropped_AutoReject
sub04,ccx3_sess3,task1,1136,Dropped_ICA
sub04,ccx3_sess3,task1,1137,Dropped_ICA
sub04,ccx3_sess3,task1,1138,Dropped_ICA
sub04,ccx3_sess3,task1,1139,Dropped_ICA
sub04,ccx3_sess3,task1,1140,Dropped_ICA
sub04,ccx3_sess3,task1,1141,Dropped_AutoReject
sub04,ccx3_sess3,task1,1142,Dropped_ICA
sub04,ccx3_sess3,task1,1143,Dropped_ICA
sub04,ccx3_sess3,task1,1144,Dropped_ICA
sub04,ccx3_sess3,task1,1145,Dropped_ICA
sub04,ccx3_sess3,task1,1146,Dropped_ICA
sub04,ccx3_sess3,task1,1147,Dropped_AutoReject
sub04,ccx3_sess3,task1,1148,Dropped_ICA
sub04,ccx3_sess3,task1,1149,Dropped_ICA
sub04,ccx3_sess3,task1,1150,Dropped_ICA
sub04,ccx3_sess3,task1,1151,Dropped_ICA
sub04,ccx3_sess3,task1,1152,Dropped_ICA
sub04,ccx3_sess3,task1,1153,Dropped_AutoReject
sub04,ccx3_sess3,task1,1154,Dropped_ICA
sub04,ccx3_sess3,task1,1155,Dropped_ICA
sub04,ccx3_sess3,task1,1156,Dropped_ICA
sub04,ccx3_sess3,task1,1157,Dropped_ICA
sub04,ccx3_sess3,task1,1158,Dropped_ICA
sub04,ccx3_sess3,task1,1159,OK
sub04,ccx3_sess3,task1,1160,Dropped_ICA
sub04,ccx3_sess3,task1,1161,Dropped_ICA
sub04,ccx3_sess3,task1,1162,Dropped_ICA
sub04,ccx3_sess3,task1,1163,Dropped_ICA
sub04,ccx3_sess3,task1,1164,Dropped_ICA
sub04,ccx3_sess3,task1,1165,Dropped_AutoReject
sub04,ccx3_sess3,task1,1166,Dropped_ICA
sub04,ccx3_sess3,task1,1167,Dropped_ICA
sub04,ccx3_sess3,task1,1168,Dropped_ICA
sub04,ccx3_sess3,task1,1169,Dropped_ICA
sub04,ccx3_sess3,task1,1170,Dropped_ICA
sub04,ccx3_sess3,task1,1171,Dropped_AutoReject
sub04,ccx3_sess3,task1,1172,Dropped_ICA
sub04,ccx3_sess3,task1,1173,Dropped_ICA
sub04,ccx3_sess3,task1,1174,Dropped_ICA
sub04,ccx3_sess3,task1,1175,Dropped_ICA
sub04,ccx3_sess3,task1,1176,Dropped_ICA
sub04,ccx3_sess3,task1,1177,Dropped_AutoReject
sub04,ccx3_sess3,task1,1178,Dropped_ICA
sub04,ccx3_sess3,task1,1179,Dropped_ICA
sub04,ccx3_sess3,task1,1180,Dropped_ICA
sub04,ccx3_sess3,task1,1181,Dropped_ICA
sub04,ccx3_sess3,task1,1182,Dropped_ICA
sub04,ccx3_sess3,task1,1183,Dropped_AutoReject
sub04,ccx3_sess3,task1,1184,Dropped_ICA
sub04,ccx3_sess3,task1,1185,Dropped_ICA
sub04,ccx3_sess3,task1,1186,Dropped_ICA
sub04,ccx3_sess3,task1,1187,Dropped_ICA
sub04,ccx3_sess3,task1,1188,Dropped_ICA
sub04,ccx3_sess3,task1,1189,Dropped_AutoReject
sub04,ccx3_sess3,task1,1190,Dropped_ICA
sub04,ccx3_sess3,task1,1191,Dropped_ICA
sub04,ccx3_sess3,task1,1192,Dropped_ICA
sub04,ccx3_sess3,task1,1193,Dropped_ICA
sub04,ccx3_sess3,task1,1194,Dropped_ICA
sub04,ccx3_sess3,task1,1195,OK
sub04,ccx3_sess3,task1,1196,Dropped_ICA
sub04,ccx3_sess3,task1,1197,Dropped_ICA
sub04,ccx3_sess3,task1,1198,Dropped_ICA
sub04,ccx3_sess3,task1,1199,Dropped_ICA
sub04,ccx3_sess3,task1,1200,Dropped_ICA
sub04,ccx3_sess3,task1,1201,Dropped_AutoReject
sub04,ccx3_sess3,task1,1202,Dropped_ICA
sub04,ccx3_sess3,task1,1203,Dropped_ICA
sub04,ccx3_sess3,task1,1204,Dropped_ICA
sub04,ccx3_sess3,task1,1205,Dropped_ICA
sub04,ccx3_sess3,task1,1206,Dropped_ICA
sub04,ccx3_sess3,task1,1207,Dropped_AutoReject
sub04,ccx3_sess3,task1,1208,Dropped_ICA
sub04,ccx3_sess3,task1,1209,Dropped_ICA
sub04,ccx3_sess3,task1,1210,Dropped_ICA
sub04,ccx3_sess3,task1,1211,Dropped_ICA
sub04,ccx3_sess3,task1,1212,Dropped_ICA
sub04,ccx3_sess3,task1,1213,Dropped_AutoReject
sub04,ccx3_sess3,task1,1214,Dropped_ICA
sub04,ccx3_sess3,task1,1215,Dropped_ICA
sub04,ccx3_sess3,task1,1216,Dropped_ICA
sub04,ccx3_sess3,task1,1217,Dropped_ICA
sub04,ccx3_sess3,task1,1218,Dropped_ICA
sub04,ccx3_sess3,task1,1219,Dropped_AutoReject
sub04,ccx3_sess3,task1,1220,Dropped_ICA
sub04,ccx3_sess3,task1,1221,Dropped_ICA
sub04,ccx3_sess3,task1,1222,Dropped_ICA
sub04,ccx3_sess3,task1,1223,Dropped_ICA
sub04,ccx3_sess3,task1,1224,Dropped_ICA
sub04,ccx3_sess3,task1,1225,Dropped_AutoReject
sub04,ccx3_sess3,task1,1226,Dropped_ICA
sub04,ccx3_sess3,task1,1227,Dropped_ICA
sub04,ccx3_sess3,task1,1228,Dropped_ICA
sub04,ccx3_sess3,task1,1229,Dropped_ICA
sub04,ccx3_sess3,task1,1230,Dropped_ICA
sub04,ccx3_sess3,task1,1231,OK
sub04,ccx3_sess3,task1,1232,Dropped_ICA
sub04,ccx3_sess3,task1,1233,Dropped_ICA
sub04,ccx3_sess3,task1,1234,Dropped_ICA
sub04,ccx3_sess3,task1,1235,Dropped_ICA
sub04,ccx3_sess3,task1,1236,Dropped_ICA
sub04,ccx3_sess3,task1,1237,Dropped_AutoReject
sub04,ccx3_sess3,task1,1238,Dropped_ICA
sub04,ccx3_sess3,task1,1239,Dropped_ICA
sub04,ccx3_sess3,task1,1240,Dropped_ICA
sub04,ccx3_sess3,task1,1241,Dropped_ICA
sub04,ccx3_sess3,task1,1242,Dropped_ICA
sub04,ccx3_sess3,task1,1243,Dropped_AutoReject
sub04,ccx3_sess3,task1,1244,Dropped_ICA
sub04,ccx3_sess3,task1,1245,Dropped_ICA
sub04,ccx3_sess3,task1,1246,Dropped_ICA
sub04,ccx3_sess3,task1,1247,Dropped_ICA
sub04,ccx3_sess3,task1,1248,Dropped_ICA
sub04,ccx3_sess3,task1,1249,Dropped_AutoReject
sub04,ccx3_sess3,task1,1250,Dropped_ICA
sub04,ccx3_sess3,task1,1251,Dropped_ICA
sub04,ccx3_sess3,task1,1252,Dropped_ICA
sub04,ccx3_sess3,task1,1253,Dropped_ICA
sub04,ccx3_sess3,task1,1254,Dropped_ICA
sub04,ccx3_sess3,task1,1255,Dropped_AutoReject
sub04,ccx3_sess3,task1,1256,Dropped_ICA
sub04,ccx3_sess3,task1,1257,Dropped_ICA
sub04,ccx3_sess3,task1,1258,Dropped_ICA
sub04,ccx3_sess3,task1,1259,Dropped_ICA
sub04,ccx3_sess3,task1,1260,Dropped_ICA
sub04,ccx3_sess3,task1,1261,Dropped_AutoReject
sub04,ccx3_sess3,task1,1262,Dropped_ICA
sub04,ccx3_sess3,task1,1263,Dropped_ICA
sub04,ccx3_sess3,task1,1264,Dropped_ICA
sub04,ccx3_sess3,task1,1265,Dropped_ICA
sub04,ccx3_sess3,task1,1266,Dropped_ICA
sub04,ccx3_sess3,task1,1267,OK
sub04,ccx3_sess3,task1,1268,Dropped_ICA
sub04,ccx3_sess3,task1,1269,Dropped_ICA
sub04,ccx3_sess3,task1,1270,Dropped_ICA
sub04,ccx3_sess3,task1,1271,Dropped_ICA
sub04,ccx3_sess3,task1,1272,Dropped_ICA
sub04,ccx3_sess3,task1,1273,Dropped_AutoReject
sub04,ccx3_sess3,task1,1274,Dropped_ICA
sub04,ccx3_sess3,task1,1275,Dropped_ICA
sub04,ccx3_sess3,task1,1276,Dropped_ICA
sub04,ccx3_sess3,task1,1277,Dropped_ICA
sub04,ccx3_sess3,task1,1278,Dropped_ICA
sub04,ccx3_sess3,task1,1279,Dropped_AutoReject
sub04,ccx3_sess3,task1,1280,Dropped_ICA
sub04,ccx3_sess3,task1,1281,Dropped_ICA
sub04,ccx3_sess3,task1,1282,Dropped_ICA
sub04,ccx3_sess3,task1,1283,Dropped_ICA
sub04,ccx3_sess3,task1,1284,Dropped_ICA
sub04,ccx3_sess3,task1,1285,Dropped_AutoReject
sub04,ccx3_sess3,task1,1286,Dropped_ICA
sub04,ccx3_sess3,task1,1287,Dropped_ICA
sub04,ccx3_sess3,task1,1288,Dropped_ICA
sub04,ccx3_sess3,task1,1289,Dropped_ICA
sub04,ccx3_sess3,task1,1290,Dropped_ICA
sub04,ccx3_sess3,task1,1291,Dropped_AutoReject
sub04,ccx3_sess3,task1,1292,Dropped_ICA
sub04,ccx3_sess3,task1,1293,Dropped_ICA
sub04,ccx3_sess3,task1,1294,Dropped_ICA
sub04,ccx3_sess3,task1,1295,Dropped_ICA
sub04,ccx3_sess3,task1,1296,Dropped_ICA
sub04,ccx3_sess3,task1,1297,Dropped_AutoReject
sub04,ccx3_sess3,task1,1298,Dropped_ICA
sub04,ccx3_sess3,task1,1299,Dropped_ICA
sub04,ccx3_sess3,task1,1300,Dropped_ICA
sub04,ccx3_sess3,task1,1301,Dropped_ICA
sub04,ccx3_sess3,task1,1302,Dropped_ICA
sub04,ccx3_sess3,task1,1303,OK
sub04,ccx3_sess3,task1,1304,Dropped_ICA
sub04,ccx3_sess3,task1,1305,Dropped_ICA
sub04,ccx3_sess3,task1,1306,Dropped_ICA
sub04,ccx3_sess3,task1,1307,Dropped_ICA
sub04,ccx3_sess3,task1,1308,Dropped_ICA
sub04,ccx3_sess3,task1,1309,Dropped_AutoReject
sub04,ccx3_sess3,task1,1310,Dropped_ICA
sub04,ccx3_sess3,task1,1311,Dropped_ICA
sub04,ccx3_sess3,task1,1312,Dropped_ICA
sub04,ccx3_sess3,task1,1313,Dropped_ICA
sub04,ccx3_sess3,task1,1314,Dropped_ICA
sub04,ccx3_sess3,task1,1315,Dropped_AutoReject
sub04,ccx3_sess3,task1,1316,Dropped_ICA
sub04,ccx3_sess3,task1,1317,Dropped_ICA
sub04,ccx3_sess3,task1,1318,Dropped_ICA
sub04,ccx3_sess3,task1,1319,Dropped_ICA
sub04,ccx3_sess3,task1,1320,Dropped_ICA
sub04,ccx3_sess3,task1,1321,Dropped_AutoReject
sub04,ccx3_sess3,task1,1322,Dropped_ICA
sub04,ccx3_sess3,task1,1323,Dropped_ICA
sub04,ccx3_sess3,task1,1324,Dropped_ICA
sub04,ccx3_sess3,task1,1325,Dropped_ICA
sub04,ccx3_sess3,task1,1326,Dropped_ICA
sub04,ccx3_sess3,task1,1327,Dropped_AutoReject
sub04,ccx3_sess3,task1,1328,Dropped_ICA
sub04,ccx3_sess3,task1,1329,Dropped_ICA
sub04,ccx3_sess3,task1,1330,Dropped_ICA
sub04,ccx3_sess3,task1,1331,Dropped_ICA
sub04,ccx3_sess3,task1,1332,Dropped_ICA
sub04,ccx3_sess3,task1,1333,Dropped_AutoReject
sub04,ccx3_sess3,task1,1334,Dropped_ICA
sub04,ccx3_sess3,task1,1335,Dropped_ICA
sub04,ccx3_sess3,task1,1336,Dropped_ICA
sub04,ccx3_sess3,task1,1337,Dropped_ICA
sub04,ccx3_sess3,task1,1338,Dropped_ICA
sub04,ccx3_sess3,task1,1339,OK
sub04,ccx3_sess3,task1,1340,Dropped_ICA
sub04,ccx3_sess3,task1,1341,Dropped_ICA
sub04,ccx3_sess3,task1,1342,Dropped_ICA
sub04,ccx3_sess3,task1,1343,Dropped_ICA
sub04,ccx3_sess3,task1,1344,Dropped_ICA
sub04,ccx3_sess3,task1,1345,Dropped_AutoReject
sub04,ccx3_sess3,task1,1346,Dropped_ICA
sub04,ccx3_sess3,task1,1347,Dropped_ICA
sub04,ccx3_sess3,task1,1348,Dropped_ICA
sub04,ccx3_sess3,task1,1349,Dropped_ICA
sub04,ccx3_sess3,task1,1350,Dropped_ICA
sub04,ccx3_sess3,task1,1351,Dropped_AutoReject
sub04,ccx3_sess3,task1,1352,Dropped_ICA
sub04,ccx3_sess3,task1,1353,Dropped_ICA
sub04,ccx3_sess3,task1,1354,Dropped_ICA
sub04,ccx3_sess3,task1,1355,Dropped_ICA
sub04,ccx3_sess3,task1,1356,Dropped_ICA
sub04,ccx3_sess3,task1,1357,Dropped_AutoReject
sub04,ccx3_sess3,task1,1358,Dropped_ICA
sub04,ccx3_sess3,task1,1359,Dropped_ICA
sub04,ccx3_sess3,task1,1360,Dropped_ICA
sub04,ccx3_sess3,task1,1361,Dropped_ICA
sub04,ccx3_sess3,task1,1362,Dropped_ICA
sub04,ccx3_sess3,task1,1363,Dropped_AutoReject
sub04,ccx3_sess3,task1,1364,Dropped_ICA
sub04,ccx3_sess3,task1,1365,Dropped_ICA
sub04,ccx3_sess3,task1,1366,Dropped_ICA
sub04,ccx3_sess3,task1,1367,Dropped_ICA
sub04,ccx3_sess3,task1,1368,Dropped_ICA
sub04,ccx3_sess3,task1,1369,Dropped_AutoReject
sub04,ccx3_sess3,task1,1370,Dropped_ICA
sub04,ccx3_sess3,task1,1371,Dropped_ICA
sub04,ccx3_sess3,task1,1372,Dropped_ICA
sub04,ccx3_sess3,task1,1373,Dropped_ICA
sub04,ccx3_sess3,task1,1374,Dropped_ICA
sub04,ccx3_sess3,task1,1375,OK
sub04,ccx3_sess3,task1,1376,Dropped_ICA
sub04,ccx3_sess3,task1,1377,Dropped_ICA
sub04,ccx3_sess3,task1,1378,Dropped_ICA
sub04,ccx3_sess3,task1,1379,Dropped_ICA
sub04,ccx3_sess3,task1,1380,Dropped_ICA
sub04,ccx3_sess3,task1,1381,Dropped_AutoReject
sub04,ccx3_sess3,task1,1382,Dropped_ICA
sub04,ccx3_sess3,task1,1383,Dropped_ICA
sub04,ccx3_sess3,task1,1384,Dropped_ICA
sub04,ccx3_sess3,task1,1385,Dropped_ICA
sub04,ccx3_sess3,task1,1386,Dropped_ICA
sub04,ccx3_sess3,task1,1387,Dropped_AutoReject
sub04,ccx3_sess3,task1,1388,Dropped_ICA
sub04,ccx3_sess3,task1,1389,Dropped_ICA
sub04,ccx3_sess3,task1,1390,Dropped_ICA
sub04,ccx3_sess3,task1,1391,Dropped_ICA
sub04,ccx3_sess3,task1,1392,Dropped_ICA
sub04,ccx3_sess3,task1,1393,Dropped_AutoReject
sub04,ccx3_sess3,task1,1394,Dropped_ICA
sub04,ccx3_sess3,task1,1395,Dropped_ICA
sub04,ccx3_sess3,task1,1396,Dropped_ICA
sub04,ccx3_sess3,task1,1397,Dropped_ICA
sub04,ccx3_sess3,task1,1398,Dropped_ICA
sub04,ccx3_sess3,task1,1399,Dropped_AutoReject
sub04,ccx3_sess3,task1,1400,Dropped_ICA
sub04,ccx3_sess3,task1,1401,Dropped_ICA
sub04,ccx3_sess3,task1,1402,Dropped_ICA
sub04,ccx3_sess3,task1,1403,Dropped_ICA
sub04,ccx3_sess3,task1,1404,Dropped_ICA
sub04,ccx3_sess3,task1,1405,Dropped_AutoReject
sub04,ccx3_sess3,task1,1406,Dropped_ICA
sub04,ccx3_sess3,task1,1407,Dropped_ICA
sub04,ccx3_sess3,task1,1408,Dropped_ICA
sub04,ccx3_sess3,task1,1409,Dropped_ICA
sub04,ccx3_sess3,task1,1410,Dropped_ICA
sub04,ccx3_sess3,task1,1411,OK
sub04,ccx3_sess3,task1,1412,Dropped_ICA
sub04,ccx3_sess3,task1,1413,Dropped_ICA
sub04,ccx3_sess3,task1,1414,Dropped_ICA
sub04,ccx3_sess3,task1,1415,Dropped_ICA
sub04,ccx3_sess3,task1,1416,Dropped_ICA
sub04,ccx3_sess3,task1,1417,Dropped_AutoReject
sub04,ccx3_sess3,task1,1418,Dropped_ICA
sub04,ccx3_sess3,task1,1419,Dropped_ICA
sub04,ccx3_sess3,task1,1420,Dropped_ICA
sub04,ccx3_sess3,task1,1421,Dropped_ICA
sub04,ccx3_sess3,task1,1422,Dropped_ICA
sub04,ccx3_sess3,task1,1423,Dropped_AutoReject
sub04,ccx3_sess3,task1,1424,Dropped_ICA
sub04,ccx3_sess3,task1,1425,Dropped_ICA
sub04,ccx3_sess3,task1,1426,Dropped_ICA
sub04,ccx3_sess3,task1,1427,Dropped_ICA
sub04,ccx3_sess3,task1,1428,Dropped_ICA
sub04,ccx3_sess3,task1,1429,Dropped_AutoReject
sub04,ccx3_sess3,task1,1430,Dropped_ICA
sub04,ccx3_sess3,task1,1431,Dropped_ICA
sub04,ccx3_sess3,task1,1432,Dropped_ICA
sub04,ccx3_sess3,task1,1433,Dropped_ICA
sub04,ccx3_sess3,task1,1434,Dropped_ICA
sub04,ccx3_sess3,task1,1435,Dropped_AutoReject
sub04,ccx3_sess3,task1,1436,Dropped_ICA
sub04,ccx3_sess3,task1,1437,Dropped_ICA
sub04,ccx3_sess3,task1,1438,Dropped_ICA
sub04,ccx3_sess3,task1,1439,Dropped_ICA
sub04,ccx3_sess3,task1,1440,Dropped_ICA
sub04,ccx3_sess3,task1,1441,Dropped_AutoReject
sub04,ccx3_sess3,task1,1442,Dropped_ICA
sub04,ccx3_sess3,task1,1443,Dropped_ICA
sub04,ccx3_sess3,task1,1444,Dropped_ICA
sub04,ccx3_sess3,task1,1445,Dropped_ICA
sub04,ccx3_sess3,task1,1446,Dropped_ICA
sub04,ccx3_sess3,task1,1447,OK
sub04,ccx3_sess3,task1,1448,Dropped_ICA
sub04,ccx3_sess3,task1,1449,Dropped_ICA
sub04,ccx3_sess3,task1,1450,Dropped_ICA
sub04,ccx3_sess3,task1,1451,Dropped_ICA
sub04,ccx3_sess3,task1,1452,Dropped_ICA
sub04,ccx3_sess3,task1,1453,Dropped_AutoReject
sub04,ccx3_sess3,task1,1454,Dropped_ICA
sub04,ccx3_sess3,task1,1455,Dropped_ICA
sub04,ccx3_sess3,task1,1456,Dropped_ICA
sub04,ccx3_sess3,task1,1457,Dropped_ICA
sub04,ccx3_sess3,task1,1458,Dropped_ICA
sub04,ccx3_sess3,task1,1459,Dropped_AutoReject
sub04,ccx3_sess3,task1,1460,Dropped_ICA
sub04,ccx3_sess3,task1,1461,Dropped_ICA
sub04,ccx3_sess3,task1,1462,Dropped_ICA
sub04,ccx3_sess3,task1,1463,Dropped_ICA
sub04,ccx3_sess3,task1,1464,Dropped_ICA
sub04,ccx3_sess3,task1,1465,Dropped_AutoReject
sub04,ccx3_sess3,task1,1466,Dropped_ICA
sub04,ccx3_sess3,task1,1467,Dropped_ICA
sub04,ccx3_sess3,task1,1468,Dropped_ICA
sub04,ccx3_sess3,task1,1469,Dropped_ICA
sub04,ccx3_sess3,task1,1470,Dropped_ICA
sub04,ccx3_sess3,task1,1471,Dropped_AutoReject
sub04,ccx3_sess3,task1,1472,Dropped_ICA
sub04,ccx3_sess3,task1,1473,Dropped_ICA
sub04,ccx3_sess3,task1,1474,Dropped_ICA
sub04,ccx3_sess3,task1,1475,Dropped_ICA
sub04,ccx3_sess3,task1,1476,Dropped_ICA
sub04,ccx3_sess3,task1,1477,Dropped_AutoReject
sub04,ccx3_sess3,task1,1478,Dropped_ICA
sub04,ccx3_sess3,task1,1479,Dropped_ICA
sub04,ccx3_sess3,task1,1480,Dropped_ICA
sub04,ccx3_sess3,task1,1481,Dropped_ICA
sub04,ccx3_sess3,task1,1482,Dropped_ICA
sub04,ccx3_sess3,task1,1483,OK
sub04,ccx3_sess3,task1,1484,Dropped_ICA
sub04,ccx3_sess3,task1,1485,Dropped_ICA
sub04,ccx3_sess3,task1,1486,Dropped_ICA
sub04,ccx3_sess3,task1,1487,Dropped_ICA
sub04,ccx3_sess3,task1,1488,Dropped_ICA
sub04,ccx3_sess3,task1,1489,Dropped_AutoReject
sub04,ccx3_sess3,task1,1490,Dropped_ICA
sub04,ccx3_sess3,task1,1491,Dropped_ICA
sub04,ccx3_sess3,task1,1492,Dropped_ICA
sub04,ccx3_sess3,task1,1493,Dropped_ICA
sub04,ccx3_sess3,task1,1494,Dropped_ICA
sub04,ccx3_sess3,task1,1495,Dropped_AutoReject
sub04,ccx3_sess3,task1,1496,Dropped_ICA
sub04,ccx3_sess3,task1,1497,Dropped_ICA
sub04,ccx3_sess3,task1,1498,Dropped_ICA
sub04,ccx3_sess3,task1,1499,Dropped_ICA
sub04,ccx3_sess3,task1,1500,Dropped_ICA
sub04,ccx3_sess3,task1,1501,Dropped_AutoReject
sub04,ccx3_sess3,task1,1502,Dropped_ICA
sub04,ccx3_sess3,task1,1503,Dropped_ICA
sub04,ccx3_sess3,task1,1504,Dropped_ICA
sub04,ccx3_sess3,task1,1505,Dropped_ICA
sub04,ccx3_sess3,task1,1506,Dropped_ICA
sub04,ccx3_sess3,task1,1507,Dropped_AutoReject
sub04,ccx3_sess3,task1,1508,Dropped_ICA
sub04,ccx3_sess3,task1,1509,Dropped_ICA
sub04,ccx3_sess3,task1,1510,Dropped_ICA
sub04,ccx3_sess3,task1,1511,Dropped_ICA
sub04,ccx3_sess3,task1,1512,Dropped_ICA
sub04,ccx3_sess3,task1,1513,Dropped_AutoReject
sub04,ccx3_sess3,task1,1514,Dropped_ICA
sub04,ccx3_sess3,task1,1515,Dropped_ICA
sub04,ccx3_sess3,task1,1516,Dropped_ICA
sub04,ccx3_sess3,task1,1517,Dropped_ICA
sub04,ccx3_sess3,task1,1518,Dropped_ICA
sub04,ccx3_sess3,task1,1519,OK
sub04,ccx3_sess3,task1,1520,Dropped_ICA
sub04,ccx3_sess3,task1,1521,Dropped_ICA
sub04,ccx3_sess3,task1,1522,Dropped_ICA
sub04,ccx3_sess3,task1,1523,Dropped_ICA
sub04,ccx3_sess3,task1,1524,Dropped_ICA
sub04,ccx3_sess3,task1,1525,Dropped_AutoReject
sub04,ccx3_sess3,task1,1526,Dropped_ICA
sub04,ccx3_sess3,task1,1527,Dropped_ICA
sub04,ccx3_sess3,task1,1528,Dropped_ICA
sub04,ccx3_sess3,task1,1529,Dropped_ICA
sub04,ccx3_sess3,task1,1530,Dropped_ICA
sub04,ccx3_sess3,task1,1531,Dropped_AutoReject
sub04,ccx3_sess3,task1,1532,Dropped_ICA
sub04,ccx3_sess3,task1,1533,Dropped_ICA
sub04,ccx3_sess3,task1,1534,Dropped_ICA
sub04,ccx3_sess3,task1,1535,Dropped_ICA
sub04,ccx3_sess3,task1,1536,Dropped_ICA
sub04,ccx3_sess3,task1,1537,Dropped_AutoReject
sub04,ccx3_sess3,task1,1538,Dropped_ICA
sub04,ccx3_sess3,task1,1539,Dropped_ICA
sub04,ccx3_sess3,task1,1540,Dropped_ICA
sub04,ccx3_sess3,task1,1541,Dropped_ICA
sub04,ccx3_sess3,task1,1542,Dropped_ICA
sub04,ccx3_sess3,task1,1543,Dropped_AutoReject
sub04,ccx3_sess3,task1,1544,Dropped_ICA
sub04,ccx3_sess3,task1,1545,Dropped_ICA
sub04,ccx3_sess3,task1,1546,Dropped_ICA
sub04,ccx3_sess3,task1,1547,Dropped_ICA
sub04,ccx3_sess3,task1,1548,Dropped_ICA
sub04,ccx3_sess3,task1,1549,Dropped_AutoReject
sub04,ccx3_sess3,task1,1550,Dropped_ICA
sub04,ccx3_sess3,task1,1551,Dropped_ICA
sub04,ccx3_sess3,task1,1552,Dropped_ICA
sub04,ccx3_sess3,task1,1553,Dropped_ICA
sub04,ccx3_sess3,task1,1554,Dropped_ICA
sub04,ccx3_sess3,task1,1555,OK
sub04,ccx3_sess3,task1,1556,Dropped_ICA
sub04,ccx3_sess3,task1,1557,Dropped_ICA
sub04,ccx3_sess3,task1,1558,Dropped_ICA
sub04,ccx3_sess3,task1,1559,Dropped_ICA
sub04,ccx3_sess3,task1,1560,Dropped_ICA
sub04,ccx3_sess3,task1,1561,Dropped_AutoReject
sub04,ccx3_sess3,task1,1562,Dropped_ICA
sub04,ccx3_sess3,task1,1563,Dropped_ICA
sub04,ccx3_sess3,task1,1564,Dropped_ICA
sub04,ccx3_sess3,task1,1565,Dropped_ICA
sub04,ccx3_sess3,task1,1566,Dropped_ICA
sub04,ccx3_sess3,task1,1567,Dropped_AutoReject
sub04,ccx3_sess3,task1,1568,Dropped_ICA
sub04,ccx3_sess3,task1,1569,Dropped_ICA
sub04,ccx3_sess3,task1,1570,Dropped_ICA
sub04,ccx3_sess3,task1,1571,Dropped_ICA
sub04,ccx3_sess3,task1,1572,Dropped_ICA
sub04,ccx3_sess3,task1,1573,Dropped_AutoReject
sub04,ccx3_sess3,task1,1574,Dropped_ICA
sub04,ccx3_sess3,task1,1575,Dropped_ICA
sub04,ccx3_sess3,task1,1576,Dropped_ICA
sub04,ccx3_sess3,task1,1577,Dropped_ICA
sub04,ccx3_sess3,task1,1578,Dropped_ICA
sub04,ccx3_sess3,task1,1579,Dropped_AutoReject
sub04,ccx3_sess3,task1,1580,Dropped_ICA
sub04,ccx3_sess3,task1,1581,Dropped_ICA
sub04,ccx3_sess3,task1,1582,Dropped_ICA
sub04,ccx3_sess3,task1,1583,Dropped_ICA
sub04,ccx3_sess3,task1,1584,Dropped_ICA
sub04,ccx3_sess3,task1,1585,Dropped_AutoReject
sub04,ccx3_sess3,task1,1586,Dropped_ICA
sub04,ccx3_sess3,task1,1587,Dropped_ICA
sub04,ccx3_sess3,task1,1588,Dropped_ICA
sub04,ccx3_sess3,task1,1589,Dropped_ICA
sub04,ccx3_sess3,task1,1590,Dropped_ICA
sub04,ccx3_sess3,task1,1591,OK
sub04,ccx3_sess3,task1,1592,Dropped_ICA
sub04,ccx3_sess3,task1,1593,Dropped_ICA
sub04,ccx3_sess3,task1,1594,Dropped_ICA
sub04,ccx3_sess3,task1,1595,Dropped_ICA
sub04,ccx3_sess3,task1,1596,Dropped_ICA
sub04,ccx3_sess3,task1,1597,Dropped_AutoReject
sub04,ccx3_sess3,task1,1598,Dropped_ICA
sub04,ccx3_sess3,task1,1599,Dropped_ICA
sub04,ccx3_sess3,task1,1600,Dropped_ICA
sub04,ccx3_sess3,task1,1601,Dropped_ICA
sub04,ccx3_sess3,task1,1602,Dropped_ICA
sub04,ccx3_sess3,task1,1603,Dropped_AutoReject
sub04,ccx3_sess3,task1,1604,Dropped_ICA
sub04,ccx3_sess3,task1,1605,Dropped_ICA
sub04,ccx3_sess3,task1,1606,Dropped_ICA
sub04,ccx3_sess3,task1,1607,Dropped_ICA
sub04,ccx3_sess3,task1,1608,Dropped_ICA
sub04,ccx3_sess3,task1,1609,Dropped_AutoReject
sub04,ccx3_sess3,task1,1610,Dropped_ICA
sub04,ccx3_sess3,task1,1611,Dropped_ICA
sub04,ccx3_sess3,task1,1612,Dropped_ICA
sub04,ccx3_sess3,task1,1613,Dropped_ICA
sub04,ccx3_sess3,task1,1614,Dropped_ICA
sub04,ccx3_sess3,task1,1615,Dropped_AutoReject
sub04,ccx3_sess3,task1,1616,Dropped_ICA
sub04,ccx3_sess3,task1,1617,Dropped_ICA
sub04,ccx3_sess3,task1,1618,Dropped_ICA
sub04,ccx3_sess3,task1,1619,Dropped_ICA
sub04,ccx3_sess3,task1,1620,Dropped_ICA
sub04,ccx3_sess3,task1,1621,Dropped_AutoReject
sub04,ccx3_sess3,task1,1622,Dropped_ICA
sub04,ccx3_sess3,task1,1623,Dropped_ICA
sub04,ccx3_sess3,task1,1624,Dropped_ICA
sub04,ccx3_sess3,task1,1625,Dropped_ICA
sub04,ccx3_sess3,task1,1626,Dropped_ICA
sub04,ccx3_sess3,task1,1627,OK
sub04,ccx3_sess3,task1,1628,Dropped_ICA
sub04,ccx3_sess3,task1,1629,Dropped_ICA
sub04,ccx3_sess3,task1,1630,Dropped_ICA
sub04,ccx3_sess3,task1,1631,Dropped_ICA
sub04,ccx3_sess3,task1,1632,Dropped_ICA
sub04,ccx3_sess3,task1,1633,Dropped_AutoReject
sub04,ccx3_sess3,task1,1634,Dropped_ICA
sub04,ccx3_sess3,task1,1635,Dropped_ICA
sub04,ccx3_sess3,task1,1636,Dropped_ICA
sub04,ccx3_sess3,task1,1637,Dropped_ICA
sub04,ccx3_sess3,task1,1638,Dropped_ICA
sub04,ccx3_sess3,task1,1639,Dropped_AutoReject
sub04,ccx3_sess3,task1,1640,Dropped_ICA
sub04,ccx3_sess3,task1,1641,Dropped_ICA
sub04,ccx3_sess3,task1,1642,Dropped_ICA
sub04,ccx3_sess3,task1,1643,Dropped_ICA
sub04,ccx3_sess3,task1,1644,Dropped_ICA
sub04,ccx3_sess3,task1,1645,Dropped_AutoReject
sub04,ccx3_sess3,task1,1646,Dropped_ICA
sub04,ccx3_sess3,task1,1647,Dropped_ICA
sub04,ccx3_sess3,task1,1648,Dropped_ICA
sub04,ccx3_sess3,task1,1649,Dropped_ICA
sub04,ccx3_sess3,task1,1650,Dropped_ICA
sub04,ccx3_sess3,task1,1651,Dropped_AutoReject
sub04,ccx3_sess3,task1,1652,Dropped_ICA
sub04,ccx3_sess3,task1,1653,Dropped_ICA
sub04,ccx3_sess3,task1,1654,Dropped_ICA
sub04,ccx3_sess3,task1,1655,Dropped_ICA
sub04,ccx3_sess3,task1,1656,Dropped_ICA
sub04,ccx3_sess3,task1,1657,Dropped_AutoReject
sub04,ccx3_sess3,task1,1658,Dropped_ICA
sub04,ccx3_sess3,task1,1659,Dropped_ICA
sub04,ccx3_sess3,task1,1660,Dropped_ICA
sub04,ccx3_sess3,task1,1661,Dropped_ICA
sub04,ccx3_sess3,task1,1662,Dropped_ICA
sub04,ccx3_sess3,task1,1663,OK
sub04,ccx3_sess3,task1,1664,Dropped_ICA
sub04,ccx3_sess3,task1,1665,Dropped_ICA
sub04,ccx3_sess3,task1,1666,Dropped_ICA
sub04,ccx3_sess3,task1,1667,Dropped_ICA
sub04,ccx3_sess3,task1,1668,Dropped_ICA
sub04,ccx3_sess3,task1,1669,Dropped_AutoReject
sub04,ccx3_sess3,task1,1670,Dropped_ICA
sub04,ccx3_sess3,task1,1671,Dropped_ICA
sub04,ccx3_sess3,task1,1672,Dropped_ICA
sub04,ccx3_sess3,task1,1673,Dropped_ICA
sub04,ccx3_sess3,task1,1674,Dropped_ICA
sub04,ccx3_sess3,task1,1675,Dropped_AutoReject
sub04,ccx3_sess3,task1,1676,Dropped_ICA
sub04,ccx3_sess3,task1,1677,Dropped_ICA
sub04,ccx3_sess3,task1,1678,Dropped_ICA
sub04,ccx3_sess3,task1,1679,Dropped_ICA
sub04,ccx3_sess3,task1,1680,Dropped_ICA
sub04,ccx3_sess3,task1,1681,Dropped_AutoReject
sub04,ccx3_sess3,task1,1682,Dropped_ICA
sub04,ccx3_sess3,task1,1683,Dropped_ICA
sub04,ccx3_sess3,task1,1684,Dropped_ICA
sub04,ccx3_sess3,task1,1685,Dropped_ICA
sub04,ccx3_sess3,task1,1686,Dropped_ICA
sub04,ccx3_sess3,task1,1687,Dropped_AutoReject
sub04,ccx3_sess3,task1,1688,Dropped_ICA
sub04,ccx3_sess3,task1,1689,Dropped_ICA
sub04,ccx3_sess3,task1,1690,Dropped_ICA
sub04,ccx3_sess3,task1,1691,Dropped_ICA
sub04,ccx3_sess3,task1,1692,Dropped_ICA
sub04,ccx3_sess3,task1,1693,Dropped_AutoReject
sub04,ccx3_sess3,task1,1694,Dropped_ICA
sub04,ccx3_sess3,task1,1695,Dropped_ICA
sub04,ccx3_sess3,task1,1696,Dropped_ICA
sub04,ccx3_sess3,task1,1697,Dropped_ICA
sub04,ccx3_sess3,task1,1698,Dropped_ICA
sub04,ccx3_sess3,task1,1699,OK
sub04,ccx3_sess3,task1,1700,Dropped_ICA
sub04,ccx3_sess3,task1,1701,Dropped_ICA
sub04,ccx3_sess3,task1,1702,Dropped_ICA
sub04,ccx3_sess3,task1,1703,Dropped_ICA
sub04,ccx3_sess3,task1,1704,Dropped_ICA
sub04,ccx3_sess3,task1,1705,Dropped_AutoReject
sub04,ccx3_sess3,task1,1706,Dropped_ICA
sub04,ccx3_sess3,task1,1707,Dropped_ICA
sub04,ccx3_sess3,task1,1708,Dropped_ICA
sub04,ccx3_sess3,task1,1709,Dropped_ICA
sub04,ccx3_sess3,task1,1710,Dropped_ICA
sub04,ccx3_sess3,task1,1711,Dropped_AutoReject
sub04,ccx3_sess3,task1,1712,Dropped_ICA
sub04,ccx3_sess3,task1,1713,Dropped_ICA
sub04,ccx3_sess3,task1,1714,Dropped_ICA
sub04,ccx3_sess3,task1,1715,Dropped_ICA
sub04,ccx3_sess3,task1,1716,Dropped_ICA
sub04,ccx3_sess3,task1,1717,Dropped_AutoReject
sub04,ccx3_sess3,task1,1718,Dropped_ICA
sub04,ccx3_sess3,task1,1719,Dropped_ICA
sub04,ccx3_sess3,task1,1720,Dropped_ICA
sub04,ccx3_sess3,task1,1721,Dropped_ICA
sub04,ccx3_sess3,task1,1722,Dropped_ICA
sub04,ccx3_sess3,task1,1723,Dropped_AutoReject
sub04,ccx3_sess3,task1,1724,Dropped_ICA
sub04,ccx3_sess3,task1,1725,Dropped_ICA
sub04,ccx3_sess3,task1,1726,Dropped_ICA
sub04,ccx3_sess3,task1,1727,Dropped_ICA
sub04,ccx3_sess3,task1,1728,Dropped_ICA
sub04,ccx3_sess3,task1,1729,Dropped_AutoReject
sub04,ccx3_sess3,task1,1730,Dropped_ICA
sub04,ccx3_sess3,task1,1731,Dropped_ICA
sub04,ccx3_sess3,task1,1732,Dropped_ICA
sub04,ccx3_sess3,task1,1733,Dropped_ICA
sub04,ccx3_sess3,task1,1734,Dropped_ICA
sub04,ccx3_sess3,task1,1735,OK
sub04,ccx3_sess3,task1,1736,Dropped_ICA
sub04,ccx3_sess3,task1,1737,Dropped_ICA
sub04,ccx3_sess3,task1,1738,Dropped_ICA
sub04,ccx3_sess3,task1,1739,Dropped_ICA
sub04,ccx3_sess3,task1,1740,Dropped_ICA
sub04,ccx3_sess3,task1,1741,Dropped_AutoReject
sub04,ccx3_sess3,task1,1742,Dropped_ICA
sub04,ccx3_sess3,task1,1743,Dropped_ICA
sub04,ccx3_sess3,task1,1744,Dropped_ICA
sub04,ccx3_sess3,task1,1745,Dropped_ICA
sub04,ccx3_sess3,task1,1746,Dropped_ICA
sub04,ccx3_sess3,task1,1747,Dropped_AutoReject
sub04,ccx3_sess3,task1,1748,Dropped_ICA
sub04,ccx3_sess3,task1,1749,Dropped_ICA
sub04,ccx3_sess3,task1,1750,Dropped_ICA
sub04,ccx3_sess3,task1,1751,Dropped_ICA
sub04,ccx3_sess3,task1,1752,Dropped_ICA
sub04,ccx3_sess3,task1,1753,Dropped_AutoReject
sub04,ccx3_sess3,task1,1754,Dropped_ICA
sub04,ccx3_sess3,task1,1755,Dropped_ICA
sub04,ccx3_sess3,task1,1756,Dropped_ICA
sub04,ccx3_sess3,task1,1757,Dropped_ICA
sub04,ccx3_sess3,task1,1758,Dropped_ICA
sub04,ccx3_sess3,task1,1759,Dropped_AutoReject
sub04,ccx3_sess3,task1,1760,Dropped_ICA
sub04,ccx3_sess3,task1,1761,Dropped_ICA
sub04,ccx3_sess3,task1,1762,Dropped_ICA
sub04,ccx3_sess3,task1,1763,Dropped_ICA
sub04,ccx3_sess3,task1,1764,Dropped_ICA
sub04,ccx3_sess3,task1,1765,Dropped_AutoReject
sub04,ccx3_sess3,task1,1766,Dropped_ICA
sub04,ccx3_sess3,task1,1767,Dropped_ICA
sub04,ccx3_sess3,task1,1768,Dropped_ICA
sub04,ccx3_sess3,task1,1769,Dropped_ICA
sub04,ccx3_sess3,task1,1770,Dropped_ICA
sub04,ccx3_sess3,task1,1771,OK
sub04,ccx3_sess3,task1,1772,Dropped_ICA
sub04,ccx3_sess3,task1,1773,Dropped_ICA
sub04,ccx3_sess3,task1,1774,Dropped_ICA
sub04,ccx3_sess3,task1,1775,Dropped_ICA
sub04,ccx3_sess3,task1,1776,Dropped_ICA
sub04,ccx3_sess3,task1,1777,Dropped_AutoReject
sub04,ccx3_sess3,task1,1778,Dropped_ICA
sub04,ccx3_sess3,task1,1779,Dropped_ICA
sub04,ccx3_sess3,task1,1780,Dropped_ICA
sub04,ccx3_sess3,task1,1781,Dropped_ICA
sub04,ccx3_sess3,task1,1782,Dropped_ICA
sub04,ccx3_sess3,task1,1783,Dropped_AutoReject
sub04,ccx3_sess3,task1,1784,Dropped_ICA
sub04,ccx3_sess3,task1,1785,Dropped_ICA
sub04,ccx3_sess3,task1,1786,Dropped_ICA
sub04,ccx3_sess3,task1,1787,Dropped_ICA
sub04,ccx3_sess3,task1,1788,Dropped_ICA
sub04,ccx3_sess3,task1,1789,Dropped_AutoReject
sub04,ccx3_sess3,task1,1790,Dropped_ICA
sub04,ccx3_sess3,task1,1791,Dropped_ICA
sub04,ccx3_sess3,task1,1792,Dropped_ICA
sub04,ccx3_sess3,task1,1793,Dropped_ICA
sub04,ccx3_sess3,task1,1794,Dropped_ICA
sub04,ccx3_sess3,task1,1795,Dropped_AutoReject
sub04,ccx3_sess3,task1,1796,Dropped_ICA
sub04,ccx3_sess3,task1,1797,Dropped_ICA
sub04,ccx3_sess3,task1,1798,Dropped_ICA
sub04,ccx3_sess3,task1,1799,Dropped_ICA
sub04,ccx3_sess3,task1,1800,Dropped_ICA
